"...1","date","mixToday","mixN2N","mixPM","mixTomorrow","twindToday","twindN2N","twindPM","twindTomorrow","swindToday","swindN2N","swindPM","swindTomorrow","precipToday","precipN2N","precipPM","precipTomorrow","tminToday","tminN2N","tminPM","tminTomorrow","tmaxToday","tmaxN2N","tmaxPM","tmaxTomorrow","ventToday","ventN2N","ventPM","created","ventTomorrow","yN2NPM","HR24PM","HR24OZ","HR24OZ_carus","HR24PMno","HR24no","humToday","humN2N","humPM","humTomorrow","cloudToday","cloudN2N","cloudPM","cloudTomorrow","peakoz8hr_carus","no2max_24"
322,2026-06-08,285.067513043478,451.3199,316.1792,859.2185,15.279,24.6458461538462,28.706,24.9402666666667,12.8096666666667,17.8465454545455,19.1373333333333,16.2976,61.3333333333333,61.8260869565217,59.6666666666667,31.9444444444444,12.9761904761905,13.9285714285714,14.7222222222222,14.8148148148148,12.9761904761905,13.9285714285714,14.7222222222222,14.8148148148148,4356,11123,9076,2026-06-08,21429,2.2,2.9,26.5,32.2,NA,NA,86.2857142857143,89.5555555555556,89.5,77.05,81.695652173913,86.5,84.1666666666667,75.3636363636364,41.375,-Inf
321,2026-06-07,722.535026086956,616.458,462.9404,287.038472727273,7.408,9.723,8.334,12.2232,3.704,4.4448,3.08666666666667,8.334,3.18181818181818,29.0588235294118,7.66666666666667,48.2666666666667,13.7037037037037,14.3859649122807,16.25,12.8148148148148,13.7037037037037,14.3859649122807,16.25,12.8148148148148,5353,5994,3858,2026-06-07,3509,NA,2.2,28.1,30.1,NA,NA,67.2857142857143,59.8125,56,83.3076923076923,73.2727272727273,84.5555555555556,88.8333333333333,85,33,-Inf
320,2026-06-06,721.011026086957,696.7347,494.6904,766.613563636364,19.0138666666667,17.5227692307692,13.427,11.3177777777778,10.3996923076923,8.99542857142857,7.408,4.63,46.7826086956522,34.75,23.8333333333333,7.16666666666667,12.7485380116959,12.25,13.4259259259259,13.5964912280702,12.7485380116959,12.25,13.4259259259259,13.5964912280702,13709,12209,6642,2026-06-06,8676,3,2.8,29.8,30.7,NA,NA,74.8333333333333,75.9411764705882,76.25,64.2,67.3181818181818,57.1578947368421,44.4,62.5,34.25,-Inf
316,2026-06-05,924.6997,880.7577,742.95,887.6538,11.9667692307692,12.8317142857143,14.816,14.353,8.7044,9.41433333333333,11.4824,9.67155555555556,1.83333333333333,1.5,1,9.22222222222222,17.3015873015873,16.4141414141414,19.8148148148148,14.4179894179894,17.3015873015873,16.4141414141414,19.8148148148148,14.4179894179894,11066,11302,11008,2026-06-05,12740,4.4,3.6,33.7,35.6,NA,NA,56.3809523809524,57.0434782608696,45,61.9565217391304,47.7272727272727,39.1052631578947,33.2,58.1666666666667,-Inf,-Inf
315,2026-06-04,924.6997,880.7577,742.95,887.6538,11.9667692307692,12.8317142857143,14.816,14.353,8.7044,9.41433333333333,11.4824,9.67155555555556,1.83333333333333,1.5,1,9.22222222222222,17.3015873015873,16.4141414141414,19.8148148148148,14.4179894179894,17.3015873015873,16.4141414141414,19.8148148148148,14.4179894179894,11066,11302,11008,2026-06-04,12740,4.4,3.6,33.7,35.6,NA,NA,56.3809523809524,57.0434782608696,45,61.9565217391304,47.7272727272727,39.1052631578947,33.2,58.1666666666667,37.375,-Inf
314,2026-06-03,668.492660869565,718.7565,637.1844,901.2809,17.2378461538462,14.46875,17.7792,10.9797142857143,10.4946666666667,9.26,11.112,7.871,4.63157894736842,1.85714285714286,2.6,1.5,18.5978835978836,17.1693121693122,18.6666666666667,17.1111111111111,18.5978835978836,17.1693121693122,18.6666666666667,17.1111111111111,11523,10400,11329,2026-06-03,9896,3.9,4.2,38.2,41.5,NA,NA,54.7727272727273,62.9130434782609,54.3333333333333,58.1666666666667,70.5714285714286,57.6,58.8333333333333,38.25,55.375,-Inf
313,2026-06-01,729.956243478261,754.888,530.352,861.0473,14.6925333333333,15.742,18.8904,11.9538181818182,10.2888888888889,10.4175,10.4946666666667,5.86466666666667,0,3,NA,1.66666666666667,19.7342995169082,22.1739130434783,25.2777777777778,23.8164251207729,19.7342995169082,22.1739130434783,25.2777777777778,23.8164251207729,10725,11883,10019,2026-06-01,10293,2.8,3.2,29.9,33.7,NA,NA,51.6190476190476,44.4545454545455,35.4,42.5217391304348,9.36842105263158,14.1666666666667,19.8333333333333,17.4545454545455,40.375,-Inf
312,2026-05-30,941.447686956522,873.8616,684.6824,800.9509,13.2726666666667,13.3344,19.446,13.89,8.334,8.83261538461539,12.964,8.92327272727273,0,NA,NA,NA,13.4920634920635,13.459595959596,15.8333333333333,14.8989898989899,13.4920634920635,13.459595959596,15.8333333333333,14.8989898989899,12496,11652,13314,2026-05-30,11125,NA,3,32.9,29.6,NA,NA,55.85,59.2608695652174,49,57.4782608695652,41.7391304347826,18.5,17,9.25,37.25,-Inf
311,2026-05-29,914.240973913043,851.6366,663.7528,1013.2822,17.7262857142857,15.4774285714286,20.372,13.9612307692308,11.6170909090909,9.42836363636364,12.964,8.5192,8.91666666666667,1.33333333333333,NA,NA,15.1754385964912,13.4391534391534,15.0925925925926,13.968253968254,15.1754385964912,13.4391534391534,15.0925925925926,13.968253968254,16206,13181,13522,2026-05-29,14147,NA,5.3,31.3,27.8,NA,NA,56.2352941176471,58.4545454545455,49.6,56.1363636363636,62.2380952380952,47.6,25.6666666666667,44.0833333333333,40.5,-Inf
310,2026-05-28,619.450581818182,761.9619,448.6148,975.5632,11.3435,13.5813333333333,14.816,15.742,8.02533333333333,10.9268,11.7293333333333,12.2232,15.7272727272727,19.3,26.1666666666667,16.6153846153846,20.4545454545455,19.0151515151515,22.2222222222222,14.8067632850242,20.4545454545455,19.0151515151515,22.2222222222222,14.8067632850242,7027,10348,6647,2026-05-28,15357,NA,4.3,32.8,31.7,NA,NA,61.8,61.3157894736842,53.6,62.35,35.4545454545455,67.0588235294118,78.5,66.3,43,-Inf
309,2026-05-27,543.975234782609,525.2847,385.318,712.1779,15.9556923076923,13.5813333333333,16.668,11.9835294117647,10.186,9.50693333333333,11.112,6.945,2.33333333333333,2.625,2.33333333333333,12.5,19.0740740740741,20.024154589372,23.2407407407407,20.0505050505051,19.0740740740741,20.024154589372,23.2407407407407,20.0505050505051,8680,7134,6422,2026-05-27,8534,NA,2.4,31.9,28.7,NA,NA,62.85,62.0454545454545,53.4,60.9565217391304,16.1818181818182,14.6111111111111,8.8,40.0909090909091,36.25,-Inf
308,2026-05-26,658.9903,643.1661,458.1652,623.57,12.7325,13.2489230769231,17.131,10.9268,10.186,9.41433333333333,11.112,8.1025,12.5909090909091,8.625,5,2.66666666666667,14.2982456140351,14.9722222222222,16.4444444444444,18.1818181818182,14.2982456140351,14.9722222222222,16.4444444444444,18.1818181818182,8391,8521,7849,2026-05-26,6814,3.9,3.4,38.3,39.3,NA,NA,70.7142857142857,69.1363636363636,60.6666666666667,66.5454545454545,67.4166666666667,66.35,64.8333333333333,57.9090909090909,39.125,-Inf
307,2026-05-25,537.653947826087,544.4998,371.9576,671.957,24.076,19.8428571428571,21.298,12.964,14.816,12.964,12.964,9.26,41.2352941176471,44.0869565217391,53.8,28.2105263157895,14.6560846560847,13.0555555555556,13.1481481481481,13.6388888888889,14.6560846560847,13.0555555555556,13.1481481481481,13.6388888888889,12945,10804,7922,2026-05-25,8711,3.9,4.3,40.7,40.9,NA,NA,64.45,77.2173913043478,73.6666666666667,72.2608695652174,75.7727272727273,75.1578947368421,69.5,67.5,52.125,-Inf
306,2026-05-24,560.010365217391,624.217147826087,447.3956,596.228556521739,7.871,17.6968888888889,11.112,22.8854285714286,4.63,14.0752,NA,15.8448888888889,0.333333333333333,26,0,55,18.4444444444444,19.5833333333333,22.5,15.3703703703704,18.4444444444444,19.5833333333333,22.5,15.3703703703704,4408,11047,4971,2026-05-24,13645,NA,2.9,30.7,30,NA,NA,53.2272727272727,44.3157894736842,39.1666666666667,62.5,24.8947368421053,42.0555555555556,27.2,73.5,42,-Inf
305,2026-05-23,642.306365217391,584.4286,467.36,571.9064,11.2544615384615,10.9797142857143,16.0506666666667,9.13653333333333,9.4452,9.4452,12.964,5.556,0,NA,NA,NA,18.3574879227053,17.8502415458937,20.6481481481481,18.3333333333333,18.3574879227053,17.8502415458937,20.6481481481481,18.3333333333333,7229,6417,7501,2026-05-23,5225,NA,4.2,32.6,34.7,NA,NA,58.1739130434783,56.3333333333333,48,52.7391304347826,34.45,18.2352941176471,19.8,27.25,48.125,-Inf
304,2026-05-22,608.659095652174,624.5733,462.4832,667.8803,13.89,13.3755555555556,16.668,12.8096666666667,9.26,10.2888888888889,11.112,10.0537142857143,0,NA,NA,NA,19.7826086956522,19.4927536231884,22.4074074074074,18.5265700483092,19.7826086956522,19.4927536231884,22.4074074074074,18.5265700483092,8454,8354,7709,2026-05-22,8555,NA,4.7,31.9,32,NA,NA,56.4347826086956,59.375,48.8333333333333,58.375,12.7222222222222,30,15.5,42.0909090909091,47,-Inf
303,2026-05-21,630.1994,656.6154,446.6844,660.9715,15.4333333333333,13.89,17.594,13.1064615384615,10.5564,10.186,13.89,8.8896,0.4,0.5,0,NA,19.6464646464646,20.3030303030303,23.8888888888889,19.6464646464646,19.6464646464646,20.3030303030303,23.8888888888889,19.6464646464646,9726,9120,7859,2026-05-21,8663,NA,3.5,32.2,31,NA,NA,57.5652173913044,53,42.3333333333333,55.3636363636364,9.54545454545454,7.16666666666667,6.4,8.41666666666667,37.5,-Inf
302,2026-05-20,630.220382608696,555.1297,431.6476,566.8772,12.7788,13.4690909090909,16.668,15.1246666666667,9.10566666666667,10.5564,10.4946666666667,12.038,1.2,0,NA,NA,16.031746031746,16.7424242424242,18.7777777777778,20.0724637681159,16.031746031746,16.7424242424242,18.7777777777778,20.0724637681159,8053,7477,7195,2026-05-20,8574,NA,2.5,28.5,30.5,NA,NA,62.5454545454545,61.0869565217391,52.3333333333333,55.5454545454545,48.8181818181818,31.7368421052632,43.5,18.5,34.375,-Inf
301,2026-05-19,619.274086956522,672.176765217391,556.3108,688.397426086957,9.4452,10.649,NA,13.2109333333333,6.17333333333333,8.7044,11.112,8.8896,1.4,1.5,0,NA,14.75,15.2116402116402,16.6666666666667,16.3285024154589,14.75,15.2116402116402,16.6666666666667,16.3285024154589,5849,7158,NA,2026-05-19,9094,3.6,3.7,25.2,29.9,NA,NA,67.4347826086957,67.5416666666667,59.1666666666667,64.875,51.6086956521739,56.15,61.5,49.4166666666667,39.5,-Inf
300,2026-05-18,732.421147826087,713.0923,537.5656,568.0202,11.7734285714286,11.9762666666667,15.742,10.649,8.99542857142857,9.39228571428571,12.964,6.482,0.5,0.5,NA,NA,14.2328042328042,14.5833333333333,17.4074074074074,15.4545454545455,14.2328042328042,14.5833333333333,17.4074074074074,15.4545454545455,8623,8540,8462,2026-05-18,6049,NA,2.9,29.9,29.8,NA,NA,61.1739130434783,62.75,50.3333333333333,65.7916666666667,40.1666666666667,24.7,11.5,38.5833333333333,36.625,-Inf
299,2026-05-17,714.7052,706.882,487.6292,770.2804,13.0962857142857,12.3025714285714,14.4456,11.8243076923077,7.91309090909091,7.23963636363636,8.5192,7.871,1.5,0.5,NA,NA,12.5661375661376,13.6243386243386,16.0185185185185,15.1767676767677,12.5661375661376,13.6243386243386,16.0185185185185,15.1767676767677,9360,8696,7044,2026-05-17,9108,NA,2.5,32.1,33.3,NA,NA,68.6363636363636,66.4090909090909,59.2,61.7391304347826,38.6363636363636,43.2631578947368,23.1666666666667,46.5833333333333,36.375,-Inf
298,2026-05-16,660.104034782609,644.652,405.8412,770.9154,18.8468235294118,15.9735,15.1246666666667,11.6676,14.1986666666667,10.5564,11.112,7.408,44.4545454545455,35.6,21.8,2.75,10.8479532163743,10.4970760233918,11.2962962962963,12.8042328042328,10.8479532163743,10.4970760233918,11.2962962962963,12.8042328042328,12441,10297,6138,2026-05-16,8995,NA,3,33.3,34.8,NA,NA,76.5263157894737,76.35,72.2,68.8571428571429,67.9545454545455,64.15,57.8333333333333,54.5833333333333,39.625,-Inf
296,2026-05-15,719.76532173913,673.735,452.5264,637.9972,17.9908571428571,20.6189333333333,22.8413333333333,17.9026666666667,11.7734285714286,15.5876666666667,16.205,14.816,17.9285714285714,38.1,37.2,42.6428571428571,11.5789473684211,11.3450292397661,12.4444444444444,11.0846560846561,11.5789473684211,11.3450292397661,12.4444444444444,11.0846560846561,12949,13892,10336,2026-05-15,11422,2.3,2.7,30.3,NA,NA,NA,72.7272727272727,75.4545454545455,72.5,77.95,65.5652173913043,78.2,78.6666666666667,71.1818181818182,NA,-Inf
294,2026-05-14,744.480626086957,707.9107,535.0764,744.7026,24.1686,21.41375,19.446,13.89,18.7257777777778,17.7483333333333,16.668,12.038,28.8,6,1,1.85714285714286,14.6111111111111,14.1269841269841,15,14.4166666666667,14.6111111111111,14.1269841269841,15,14.4166666666667,17993,15159,10405,2026-05-14,10344,4.2,5,40.2,NA,NA,NA,71.6,71.9523809523809,67.4,67.4285714285714,66.0869565217391,53.8421052631579,37,54.6363636363636,NA,-Inf
290,2026-05-13,744.480626086957,707.9107,535.0764,744.7026,24.1686,21.41375,19.446,13.89,18.7257777777778,17.7483333333333,16.668,12.038,28.8,6,1,1.85714285714286,14.6111111111111,14.1269841269841,15,14.4166666666667,14.6111111111111,14.1269841269841,15,14.4166666666667,17993,15159,10405,2026-05-13,10344,4.7,4,25.7,NA,NA,NA,71.6,71.9523809523809,67.4,67.4285714285714,66.0869565217391,53.8421052631579,37,54.6363636363636,NA,-Inf
289,2026-05-12,534.8859,663.6258,566.8264,625.6655,12.6790769230769,17.1618666666667,13.7048,20.5263333333333,10.9797142857143,14.6735384615385,13.3344,17.1971428571429,11.5,46.9444444444444,22.2,44.4210526315789,19.9494949494949,18.8624338624339,21.4814814814815,14.8677248677249,19.9494949494949,18.8624338624339,21.4814814814815,14.8677248677249,6782,11389,7768,2026-05-12,12843,2.9,3.3,36.6,NA,NA,NA,54.0434782608696,64.4347826086957,52.8,73.1739130434783,50.8571428571429,69.1111111111111,79.1666666666667,77.7,NA,-Inf
288,2026-05-11,507.200452173913,472.3892,305.7144,436.3212,12.6553333333333,14.1215,13.5813333333333,12.2695,9.50693333333333,11.112,9.26,11.8528,0,NA,NA,18,18.8131313131313,20.4545454545455,22.6851851851852,21.1111111111111,18.8131313131313,20.4545454545455,22.6851851851852,21.1111111111111,6419,6671,4152,2026-05-11,5353,NA,2.7,39.7,NA,NA,NA,58.7727272727273,51.0869565217391,45.3333333333333,51.3478260869565,20.0909090909091,24.3333333333333,19.1666666666667,39.6363636363636,NA,-Inf
287,2026-05-09,435.8005,484.685008695652,277.5712,730.658608695652,8.797,9.26,10.186,11.9667692307692,6.58488888888889,5.82057142857143,5.556,7.93714285714286,0,NA,NA,NA,17.5,18.4391534391534,21.7592592592593,16.984126984127,17.5,18.4391534391534,21.7592592592593,16.984126984127,3834,4488,2827,2026-05-09,8744,5.6,5.9,35.8,NA,NA,NA,61.6086956521739,59.5909090909091,50.6666666666667,64.1363636363636,36.1363636363636,49.7894736842105,50.5,50.1666666666667,NA,-Inf
286,2026-05-08,678.259513043478,592.5058,450.85,430.4665,11.5393846153846,10.9436363636364,11.112,10.186,8.17966666666667,8.334,7.408,5.86466666666667,0,NA,NA,NA,15.9444444444444,15.7323232323232,18.6111111111111,17.7777777777778,15.9444444444444,15.7323232323232,18.6111111111111,17.7777777777778,7827,6484,5010,2026-05-08,4385,4.3,4.9,38.2,NA,NA,NA,61.6,65.3181818181818,57.1666666666667,62.0434782608696,49.0909090909091,28.8947368421053,43.6666666666667,31.5,NA,-Inf
285,2026-05-07,564.582365217391,479.1456,341.7316,654.7993,8.20171428571429,9.4915,8.334,11.8065,5.24733333333333,7.408,2.778,10.186,0.5,NA,NA,NA,16.031746031746,16.8888888888889,19.537037037037,16.7222222222222,16.031746031746,16.8888888888889,19.537037037037,16.7222222222222,4631,4548,2848,2026-05-07,7731,NA,3.2,33,NA,NA,NA,61.3333333333333,57.3636363636364,50.8333333333333,60.3333333333333,45.8695652173913,41.5,47.3333333333333,46.5,NA,-Inf
284,2026-05-06,639.695686956522,666.7754,556.6664,599.5035,10.1018181818182,11.2972,14.353,8.7044,7.26553846153846,8.41818181818182,11.112,5.1856,0.333333333333333,0.5,0.5,NA,18.5277777777778,17.1969696969697,20.5555555555556,16.540404040404,18.5277777777778,17.1969696969697,20.5555555555556,16.540404040404,6462,7533,7990,2026-05-06,5218,4.3,4.9,21.4,NA,NA,NA,64.4,64.7391304347826,55.8333333333333,60.4166666666667,67.3478260869565,62.25,75.8333333333333,49.5833333333333,NA,-Inf
283,2026-05-05,657.730690909091,590.674690909091,520.5222,576.7578,8.02533333333333,6.79066666666667,8.334,7.26553846153846,5.24733333333333,4.93866666666667,4.63,5.9264,1,0.8,0.333333333333333,NA,18.3040935672515,18.6243386243386,21.4814814814815,18.989898989899,18.3040935672515,18.6243386243386,21.4814814814815,18.989898989899,5279,4011,4338,2026-05-05,4190,5.9,5.6,27,NA,NA,NA,69.625,66.5454545454545,60,64.7272727272727,29.2777777777778,18.1111111111111,12.5,28.6363636363636,NA,-Inf
282,2026-05-04,582.141495652174,607.1743,428.0408,572.5541,14.353,10.9797142857143,13.89,8.92327272727273,9.11753846153846,8.334,8.334,5.556,1,1,1.33333333333333,0.666666666666667,19.2028985507246,18.3333333333333,21.7592592592593,18.0434782608696,19.2028985507246,18.3333333333333,21.7592592592593,18.0434782608696,8355,6667,5945,2026-05-04,5109,13.7,10.5,30.7,NA,NA,NA,66.1428571428571,69.5454545454545,60.3333333333333,68.6521739130435,20.9565217391304,29.4,38.5,23.9090909090909,NA,-Inf
281,2026-05-03,677.6212,673.427890909091,422.2242,606.6409,13.7048,16.8995,14.816,16.8995,9.26,10.0316666666667,8.02533333333333,9.87733333333333,0.6,0.571428571428571,0.5,0.4,23.7566137566138,22.4305555555556,26.6666666666667,19.0972222222222,23.7566137566138,22.4305555555556,26.6666666666667,19.0972222222222,9287,11381,6256,2026-05-03,10252,6.2,9.2,26.5,NA,NA,NA,49.6666666666667,57.6521739130435,45.6666666666667,66.695652173913,6.42857142857143,8,6,17.1666666666667,NA,-Inf
280,2026-05-02,465.2772,442.120421052632,332.1558,563.096228571429,10.0225882352941,12.038,11.575,12.4589090909091,5.7412,7.09933333333333,4.63,10.0008,7.92307692307692,2.75,3.33333333333333,1,18.5978835978836,19.9074074074074,22.3148148148148,22.463768115942,18.5978835978836,19.9074074074074,22.3148148148148,22.463768115942,4663,5322,3845,2026-05-02,7016,5.8,6.7,28,NA,NA,NA,66.7272727272727,63.6521739130435,59,54.0869565217391,60.0416666666667,32.05,39.1666666666667,12.8333333333333,NA,-Inf
279,2026-05-01,636.630947368421,572.9351,425.5516,448.3735,10.3182857142857,12.8096666666667,17.0384,9.93345454545454,8.24981818181818,9.26,11.4206666666667,5.86466666666667,8.2,10.4117647058824,15.5,7.22222222222222,16.8518518518519,17.1969696969697,18.9814814814815,17.7777777777778,16.8518518518519,17.1969696969697,18.9814814814815,17.7777777777778,6569,7339,7251,2026-05-01,4454,5.8,5.5,30.4,NA,NA,NA,64.5909090909091,64.4285714285714,59.1666666666667,66.0476190476191,52.7916666666667,70.1,72.1666666666667,68.3333333333333,NA,-Inf
278,2026-04-30,712.893333333333,683.10252,347.65488,557.551771428571,12.8405333333333,11.4487272727273,12.501,11.8836666666667,7.20222222222222,7.408,7.408,7.7784,0,0.666666666666667,NA,4.2,17.6515151515152,18.3080808080808,21.4814814814815,16.6931216931217,17.6515151515152,18.3080808080808,21.4814814814815,16.6931216931217,9154,7821,4346,2026-04-30,6626,4.7,5.3,31,NA,NA,NA,59.3636363636364,58.3636363636364,47.5,63.695652173913,28.75,30.2,22.8333333333333,42.9090909090909,NA,-Inf
277,2026-04-29,541.775373913043,604.167388235294,360.33456,664.6164,12.5366153846154,14.5073333333333,17.594,12.501,7.27571428571429,8.5655,8.334,7.7784,0.4,0.333333333333333,NA,NA,13.0952380952381,15.1322751322751,17.2222222222222,18.0434782608696,13.0952380952381,15.1322751322751,17.2222222222222,18.0434782608696,6792,8765,6340,2026-04-29,8308,4.2,3.7,36.2,NA,NA,NA,66.6666666666667,63,58.6666666666667,57.2857142857143,16.6190476190476,11.9444444444444,3.4,25.1666666666667,NA,-Inf
276,2026-04-28,653.3642,661.942472727273,407.7716,541.366363636364,8.92327272727273,9.39228571428571,11.575,10.4946666666667,6.019,6.58488888888889,9.26,6.17333333333333,2.375,1.5,0.5,0.333333333333333,12.843137254902,11.4285714285714,13.3333333333333,13.768115942029,12.843137254902,11.4285714285714,13.3333333333333,13.768115942029,5830,6217,4720,2026-04-28,5681,5.4,6,26.8,NA,NA,NA,67.2380952380952,68.8333333333333,59.3333333333333,66.7916666666667,66.7826086956522,36.05,38.8333333333333,10.8333333333333,NA,-Inf
275,2026-04-27,663.491542857143,672.211,376.682,731.7994,10.186,9.8156,11.112,10.186,7.81955555555556,5.96755555555556,8.02533333333333,5.82057142857143,3.46666666666667,3,4,0.4,12.7222222222222,13.4210526315789,15,13.3888888888889,12.7222222222222,13.4210526315789,15,13.3888888888889,6758,6598,4186,2026-04-27,7454,4.3,4.8,32.5,NA,NA,NA,68.1428571428571,69.125,61.3333333333333,68.3333333333333,44.8095238095238,63.2,62.8333333333333,62.3333333333333,NA,-Inf
274,2026-04-26,1028.81853333333,908.387127272727,617.1438,535.6098,9.54492307692308,11.575,10.4946666666667,10.8033333333333,4.32133333333333,6.37911111111111,4.63,8.334,1.5,1.54545454545455,1.5,1.83333333333333,13.3585858585859,13.4343434343434,16.2037037037037,11.7460317460317,13.3585858585859,13.4343434343434,16.2037037037037,11.7460317460317,9820,10515,6477,2026-04-26,5786,3.9,3.8,36.7,NA,NA,NA,52.5652173913044,59.9166666666667,46,70.75,7.43478260869565,15.2105263157895,11.3333333333333,36.0909090909091,NA,-Inf
273,2026-04-25,1128.35055,1076.16413333333,578.739,1118.79888,12.7956363636364,11.4206666666667,14.4456,9.82984615384615,9.76509090909091,8.92327272727273,9.26,5.556,0.5,1.14285714285714,0.5,1.2,12.7777777777778,12.6515151515152,15.2777777777778,12.4338624338624,12.7777777777778,12.6515151515152,15.2777777777778,12.4338624338624,14438,12291,8360,2026-04-25,10998,6.4,4.8,29.4,NA,NA,NA,45.85,49.0434782608696,42.6666666666667,51.5652173913044,8.625,7.21428571428571,4.75,11.6666666666667,NA,-Inf
272,2026-04-24,823.497028571429,905.035866666667,384.59664,969.584842105263,16.5357142857143,14.5690666666667,16.205,11.112,10.6069090909091,10.8805,12.038,8.334,0,NA,NA,NA,12.7777777777778,12.0899470899471,13.3333333333333,12.3809523809524,12.7777777777778,12.0899470899471,13.3333333333333,12.3809523809524,13617,13186,6232,2026-04-24,10774,4.4,5.7,31,NA,NA,NA,53.9473684210526,48.6666666666667,43.5,46.9047619047619,7.95238095238095,3.9375,6.83333333333333,3.8,NA,-Inf
271,2026-04-23,642.393709090909,725.316423529412,354.11664,926.219466666667,10.186,13.7871111111111,NA,17.7262857142857,6.61428571428571,8.02533333333333,3.704,13.5813333333333,0,NA,NA,NA,11.8888888888889,11.8686868686869,13.2222222222222,12.1666666666667,11.8888888888889,11.8686868686869,13.2222222222222,12.1666666666667,6543,10000,NA,2026-04-23,16418,NA,3.1,31.2,NA,NA,NA,71.8636363636364,71,66,59.4583333333333,38.9523809523809,16.7647058823529,5.5,14.2,NA,-Inf
270,2026-04-22,478.0407,537.083,331.4192,682.0789,26.6856363636364,25.6355789473684,24.6933333333333,14.816,15.6707692307692,14.353,16.668,8.797,30.5909090909091,17.1875,7.16666666666667,1.71428571428571,10.8148148148148,10.1960784313725,11.3333333333333,11.957671957672,10.8148148148148,10.1960784313725,11.3333333333333,11.957671957672,12757,13768,8184,2026-04-22,10106,4.7,3.7,24,NA,NA,NA,83.6666666666667,81.4,77.6,72.5714285714286,79.4210526315789,65.375,60.2,45.5454545454545,NA,-Inf
269,2026-04-21,363.1311,401.236069565217,248.5644,541.444069565217,10.8033333333333,19.5077333333333,10.186,27.78,6.2968,14.816,NA,16.0506666666667,48.0833333333333,46.2631578947368,34,44.3333333333333,12.6851851851852,11.8954248366013,12.3333333333333,11.0069444444444,12.6851851851852,11.8954248366013,12.3333333333333,11.0069444444444,3923,7827,2532,2026-04-21,15041,3.3,4.3,27.5,NA,NA,NA,84.3809523809524,86.05,82,83.8571428571429,85.6521739130435,87.25,88.8333333333333,79.8888888888889,NA,-Inf
268,2026-04-20,527.3802,557.4792,343.2048,507.7587,12.5936,13.4578666666667,16.668,9.67155555555556,8.797,8.5192,9.26,6.79066666666667,14.6666666666667,30.2631578947368,28.3333333333333,45.7777777777778,16.5909090909091,16.010101010101,16.5740740740741,12.8070175438596,16.5909090909091,16.010101010101,16.5740740740741,12.8070175438596,6642,7502,5721,2026-04-20,4911,3.8,3.3,36.7,NA,NA,NA,61.8571428571429,70.9545454545455,65.6666666666667,79.9130434782609,73.6818181818182,75.6111111111111,75.4,82.3636363636364,NA,-Inf
267,2026-04-19,465.628382608696,473.380904347826,250.0376,472.585773913044,10.9695384615385,8.334,10.186,9.11753846153846,6.945,6.482,6.482,7.408,3.09090909090909,2.875,4,13.1666666666667,17.037037037037,17.4444444444444,19.0740740740741,16.4619883040936,17.037037037037,17.4444444444444,19.0740740740741,16.4619883040936,5108,3945,2547,2026-04-19,4309,5.1,5,26.4,NA,NA,NA,54.8181818181818,59.3478260869565,54.8333333333333,63.2173913043478,63.9047619047619,67.7894736842105,61.1666666666667,71.5,NA,-Inf
266,2026-04-18,501.03405,479.127670588235,280.3398,477.19488,6.21742857142857,7.871,4.63,10.2404705882353,4.32133333333333,5.556,3.704,7.408,2,2.66666666666667,2.5,3,14.6031746031746,16.5833333333333,17.5925925925926,16.9444444444444,14.6031746031746,16.5833333333333,17.5925925925926,16.9444444444444,3115,3771,1298,2026-04-18,4887,3.9,4.6,24.8,NA,NA,NA,60.0909090909091,58.6521739130435,56.3333333333333,59.0434782608696,40,44.25,37.8333333333333,67.5833333333333,NA,-Inf
265,2026-04-17,569.310981818182,569.129333333333,282.00096,505.631115789474,7.1765,7.871,8.02533333333333,8.02533333333333,5.3245,6.482,4.63,4.63,0.5,0.6,1,5,9.94444444444444,10.5555555555556,12.3148148148148,12.9710144927536,9.94444444444444,10.5555555555556,12.3148148148148,12.9710144927536,4086,4480,2263,2026-04-17,4058,2.3,2.7,33.7,NA,NA,NA,67.3181818181818,64.7391304347826,61.1666666666667,62.5652173913044,48.6190476190476,55.0526315789474,62.2,56.25,NA,-Inf
264,2026-04-16,688.127563636364,720.329485714286,338.57184,581.7108,13.1697777777778,9.80470588235294,11.112,5.76177777777778,6.945,5.29142857142857,5.556,4.4448,9.95,3.18181818181818,1,0.5,7.88888888888889,8.52777777777778,9.77777777777778,10.0505050505051,7.88888888888889,8.52777777777778,9.77777777777778,10.0505050505051,9062,7063,3762,2026-04-16,3352,2.4,2.4,37.8,NA,NA,NA,73,71.6666666666667,64.8333333333333,68.9583333333333,49.0909090909091,41.1111111111111,37.6,44.2727272727273,NA,-Inf
263,2026-04-15,706.277018181818,628.026545454545,408.85872,620.453530434783,21.4302857142857,19.9362352941176,17.594,13.3608571428571,11.9835294117647,11.2972,11.112,5.556,58.9565217391304,47.2105263157895,53.3333333333333,14,7.11111111111111,6.25730994152047,6.77777777777778,7.45614035087719,7.11111111111111,6.25730994152047,6.77777777777778,7.45614035087719,15136,12520,7193,2026-04-15,8290,2.4,2.4,36.7,NA,NA,NA,79.9047619047619,80.9523809523809,77.1666666666667,78.0454545454545,81.0454545454545,69.5,74.5,52.25,NA,-Inf
262,2026-04-14,474.8657,576.6943,340.7664,635.889,27.9034666666667,29.0146666666667,41.9786666666667,20.5669473684211,16.9149333333333,16.7914666666667,22.9648,11.4206666666667,48.7,83.5882352941177,93,81.125,9.12698412698413,7.97385620915033,10.2777777777778,7.19298245614035,9.12698412698413,7.97385620915033,10.2777777777778,7.19298245614035,13250,16733,14305,2026-04-14,13078,3,2.3,33.5,NA,NA,NA,83.9411764705882,87,87.2,80.85,81.65,93.8,95.8,88.75,NA,-Inf
261,2026-04-13,545.393217391304,569.8236,313.7916,577.6595,15.5283076923077,21.2362666666667,14.816,32.5734117647059,10.7004444444444,12.964,9.26,19.8428571428571,29.6521739130435,23.1875,9.8,44.4285714285714,10.8823529411765,9.85380116959064,10.3333333333333,8.76984126984127,10.8823529411765,9.85380116959064,10.3333333333333,8.76984126984127,8469,12101,4649,2026-04-13,18816,3.4,3.5,19.7,NA,NA,NA,80.0952380952381,76.2105263157895,69.4,83.1428571428571,71.7727272727273,67.5,60,79.75,NA,-Inf
260,2026-04-12,411.745043478261,429.8696,259.1816,532.257,14.816,15.8132307692308,17.7792,15.1246666666667,9.42836363636364,11.3177777777778,11.112,9.26,32.5,38.5555555555556,35.2,23.5555555555556,12.1241830065359,11.7407407407407,12.2222222222222,10.9803921568627,12.1241830065359,11.7407407407407,12.2222222222222,10.9803921568627,6100,6798,4608,2026-04-12,8050,4.5,3.8,32.4,NA,NA,NA,84.5263157894737,83.25,81.8,76.0909090909091,85.1176470588235,85.125,85.6666666666667,78.1666666666667,NA,-Inf
259,2026-04-11,601.791314285714,572.9986,348.3356,509.524,11.5088571428571,10.9436363636364,11.112,12.964,7.408,6.87885714285714,6.482,8.64266666666667,42.5652173913044,35.7894736842105,45.8333333333333,29.4444444444444,13.6601307189542,13.4722222222222,14.0277777777778,11.8402777777778,13.6601307189542,13.4722222222222,14.0277777777778,11.8402777777778,6926,6271,3871,2026-04-11,6605,6,6.1,26.2,NA,NA,NA,83,83.6666666666667,81.3333333333333,86.1,74.8571428571429,74.7894736842105,71.5,83.7272727272727,NA,-Inf
258,2026-04-10,627.6594,690.79872,446.0748,676.99128,9.8156,13.77425,11.575,14.816,5.556,6.482,7.408,6.17333333333333,26.6842105263158,56.8823529411765,60.3333333333333,65.2222222222222,16.0818713450292,15.3333333333333,17.1296296296296,13.8333333333333,16.0818713450292,15.3333333333333,17.1296296296296,13.8333333333333,6161,9515,5163,2026-04-10,10030,5.5,5.3,31.2,NA,NA,NA,65.4210526315789,74.9523809523809,69.6666666666667,79.0909090909091,68.304347826087,81.55,81.8333333333333,87.8181818181818,NA,-Inf
257,2026-04-09,473.258147368421,473.601142857143,293.33952,557.368363636364,10.9576666666667,9.26,10.186,10.5828571428571,7.408,6.2505,6.482,5.9264,7.125,8.93333333333333,9.6,24.5555555555556,14.9494949494949,16.8253968253968,18.7962962962963,15.3888888888889,14.9494949494949,16.8253968253968,18.7962962962963,15.3888888888889,5186,4386,2988,2026-04-09,5899,5,5.2,28.9,NA,NA,NA,59.25,60.7083333333333,52.3333333333333,69.25,11.1875,35.7142857142857,32.5,58.2727272727273,NA,-Inf
256,2026-04-08,569.742917647059,563.754494117647,440.3344,426.1866,8.64266666666667,10.2888888888889,11.7293333333333,12.6553333333333,4.32133333333333,6.482,3.704,7.871,0.333333333333333,0.5,0,1.5,12.0707070707071,13.6388888888889,15.2777777777778,15.9259259259259,12.0707070707071,13.6388888888889,15.2777777777778,15.9259259259259,4924,5800,5165,2026-04-08,5394,3.8,4.2,29.8,NA,NA,NA,60.5454545454545,57.5454545454545,51.5,55.9047619047619,27.5833333333333,8.44444444444444,6,9.6,NA,-Inf
255,2026-04-07,595.6046,586.928685714286,354.9904,483.151542857143,9.87733333333333,8.24981818181818,12.038,6.99644444444444,5.556,4.93866666666667,NA,5.24733333333333,0,1,NA,0.5,11.6919191919192,11.2222222222222,13.2407407407407,12.4338624338624,11.6919191919192,11.2222222222222,13.2407407407407,12.4338624338624,5883,4842,4273,2026-04-07,3380,4.5,4.9,23.9,NA,NA,NA,63.5454545454545,62.2857142857143,54.6666666666667,58.6818181818182,13.5416666666667,10.7368421052632,6.83333333333333,18.5454545454545,NA,-Inf
254,2026-04-06,529.219885714286,629.5263,308.356,724.4207,11.575,13.9517333333333,12.964,13.5196,5.556,7.408,7.408,7.408,0.5,0.5,0.333333333333333,NA,17.8787878787879,15.4106280193237,18.9814814814815,10.7407407407407,17.8787878787879,15.4106280193237,18.9814814814815,10.7407407407407,6126,8783,3998,2026-04-06,9794,3.9,3.7,27.1,NA,NA,NA,63.5714285714286,62.7272727272727,54,62.1304347826087,31.9545454545455,26.65,37.8333333333333,21.8333333333333,NA,-Inf
253,2026-04-05,331.085371428571,330.562857142857,202.4634,510.526747826087,13.7356666666667,10.4946666666667,8.334,12.5936,6.6672,5.556,4.63,7.408,1.6,1.6,2.5,0,16.9191919191919,17.6984126984127,19.537037037037,17.037037037037,16.9191919191919,17.6984126984127,19.537037037037,17.037037037037,4548,3469,1687,2026-04-05,6429,3.9,3.9,21.4,NA,NA,NA,57.8888888888889,64.35,60.8333333333333,62.9523809523809,59.2857142857143,47.9,55.8333333333333,32,NA,-Inf
251,2026-04-04,412.45155,398.463247058824,208.30032,372.5672,15.4333333333333,18.52,17.594,13.5196,8.797,10.186,9.26,6.79066666666667,0.333333333333333,0.5,0,NA,14.5555555555556,16.0606060606061,17.2222222222222,16.7222222222222,14.5555555555556,16.0606060606061,17.2222222222222,16.7222222222222,6366,7380,3665,2026-04-04,5037,5.8,5.9,19.9,NA,NA,NA,70.65,61.4666666666667,64.8333333333333,58.1875,24.304347826087,46.9,59.6666666666667,60.25,NA,-Inf
250,2026-04-03,513.7404,454.914,256.3368,353.187,6.83815384615385,10.4385454545455,11.112,14.816,5.1856,6.17333333333333,4.63,8.8896,1.75,0.5,NA,NA,9.52380952380952,10.4292929292929,12.2222222222222,13.1400966183575,9.52380952380952,10.4292929292929,12.2222222222222,13.1400966183575,3513,4749,2848,2026-04-03,5233,2,2.7,34.2,NA,NA,NA,69.2727272727273,68.3181818181818,63.8333333333333,68.0454545454545,19.3,12.7333333333333,9.4,23.3,NA,-Inf
249,2026-04-02,634.5682,597.88507826087,300.228,470.17387826087,18.7149473684211,14.3886153846154,12.964,7.408,11.112,7.7784,7.7784,6.79066666666667,39.2,7.23076923076923,0.5,3.2,8.68421052631579,8.03030303030303,9.35185185185185,9.58937198067633,8.68421052631579,8.03030303030303,9.35185185185185,9.58937198067633,11876,8603,3892,2026-04-02,3483,3.2,2.3,34,NA,NA,NA,77.75,73.1904761904762,70.3333333333333,69.5714285714286,58.7916666666667,32.45,25.6666666666667,16.7272727272727,NA,-Inf
248,2026-04-01,490.635234782609,556.0568,327.406,738.4034,30.9695555555556,27.0392,25.465,18.3021176470588,16.1124,15.3451428571429,17.594,11.3435,69.8636363636364,63.4210526315789,75,42.4444444444444,8.75816993464052,8.03703703703704,8.22222222222222,8.92156862745098,8.75816993464052,8.03703703703704,8.22222222222222,8.92156862745098,15195,15035,8337,2026-04-01,13514,2.5,3.3,27.7,NA,NA,NA,85.3157894736842,84.4117647058823,84.4,76.7368421052632,86.0952380952381,81.7777777777778,83.5,66.9,NA,-Inf
247,2026-03-31,435.834971428571,522.228417391304,289.98672,564.134,14.5310769230769,21.761,17.594,25.3106666666667,7.93714285714286,12.4348571428571,8.334,15.742,20.1578947368421,45.7333333333333,23.3333333333333,71.8888888888889,9.44444444444444,10.3395061728395,11,8.56481481481481,9.44444444444444,10.3395061728395,11,8.56481481481481,6333,11364,5102,2026-03-31,14279,3.1,2.5,30,NA,NA,NA,66.2727272727273,79.1428571428571,73.2,86.2608695652174,60.8260869565217,75.1666666666667,62.3333333333333,92,NA,-Inf
246,2026-03-30,550.43832,492.9632,265.96848,396.115309090909,13.0962857142857,14.816,16.668,14.9394666666667,10.3996923076923,11.2972,12.038,8.334,0,7.6,NA,14.7142857142857,7.46031746031746,8.63888888888889,9.90740740740741,8.68421052631579,7.46031746031746,8.63888888888889,9.90740740740741,8.68421052631579,7209,7304,4433,2026-03-30,5918,3.1,3,33.2,NA,NA,NA,60.55,50.8095238095238,46.2,60.9,33.6363636363636,30.2631578947368,22.8,58.5,NA,-Inf
245,2026-03-29,411.8102,437.6928,348.0308,505.1552,15.62625,15.2517647058824,17.7792,11.575,7.408,8.797,9.26,8.99542857142857,26.0909090909091,25.5714285714286,9.2,0.333333333333333,8.21637426900585,6.69444444444444,7.40740740740741,7.53968253968254,8.21637426900585,6.69444444444444,7.40740740740741,7.53968253968254,6435,6676,6188,2026-03-29,5847,3.5,3.6,34.2,NA,NA,NA,74.7142857142857,75.5,75.2,63.1739130434783,73.7826086956522,56.8888888888889,71,21.4,NA,-Inf
244,2026-03-28,556.898628571429,532.9174,378.8664,484.1748,10.2477333333333,10.9170526315789,12.964,14.7185263157895,4.63,5.24733333333333,5.556,8.1025,3,12.1428571428571,3,20.6666666666667,11.1111111111111,11.0846560846561,12.5,8.17460317460317,11.1111111111111,11.0846560846561,12.5,8.17460317460317,5707,5818,4912,2026-03-28,7126,3.7,3.5,28.2,NA,NA,NA,69.7391304347826,66.65,66.5,73.7,41.9523809523809,49.4117647058824,42.4,66.7272727272727,NA,-Inf
243,2026-03-27,577.53504,522.995236363636,310.896,562.951745454546,23.72875,21.0843076923077,15.279,10.4946666666667,11.7854545454545,9.4915,10.0008,7.7784,27.1,32.8571428571429,8.83333333333333,1.5,8.3641975308642,6.79012345679012,6.77777777777778,7.95321637426901,8.3641975308642,6.79012345679012,6.77777777777778,7.95321637426901,13704,11027,4750,2026-03-27,5908,5.8,3.8,26,NA,NA,NA,80.7368421052632,80.3636363636364,77.2,69.4782608695652,57.3913043478261,48.7,40.5,20.3333333333333,NA,-Inf
242,2026-03-26,577.53504,522.995236363636,310.896,562.951745454546,23.72875,21.0843076923077,15.279,10.4946666666667,11.7854545454545,9.4915,10.0008,7.7784,27.1,32.8571428571429,8.83333333333333,1.5,8.3641975308642,6.79012345679012,6.77777777777778,7.95321637426901,8.3641975308642,6.79012345679012,6.77777777777778,7.95321637426901,13704,11027,4750,2026-03-26,5908,5.8,3.8,26,NA,NA,NA,80.7368421052632,80.3636363636364,77.2,69.4782608695652,57.3913043478261,48.7,40.5,20.3333333333333,NA,-Inf
240,2026-03-25,577.53504,522.995236363636,310.896,562.951745454546,23.72875,21.0843076923077,15.279,10.4946666666667,11.7854545454545,9.4915,10.0008,7.7784,27.1,32.8571428571429,8.83333333333333,1.5,8.3641975308642,6.79012345679012,6.77777777777778,7.95321637426901,8.3641975308642,6.79012345679012,6.77777777777778,7.95321637426901,13704,11027,4750,2026-03-25,5908,5.8,NA,26,NA,NA,NA,80.7368421052632,80.3636363636364,77.2,69.4782608695652,57.3913043478261,48.7,40.5,20.3333333333333,NA,-Inf
239,2026-03-24,370.013947826087,410.6037,254.9144,650.367,26.4571428571429,31.3750588235294,27.4096,26.1337777777778,14.5690666666667,16.2976,14.816,13.2726666666667,46.304347826087,46.0555555555556,34.3333333333333,25.6666666666667,11.1805555555556,9.47530864197531,11.2222222222222,8.6231884057971,11.1805555555556,9.47530864197531,11.2222222222222,8.6231884057971,9790,12883,6987,2026-03-24,16997,3.1,5.5,16,NA,NA,NA,81.8888888888889,87.6,89.75,79.7826086956522,85.7727272727273,71.1578947368421,75.1666666666667,51.6,NA,-Inf
238,2026-03-23,352.681309090909,376.441854545455,248.29008,460.248,6.7135,12.4701333333333,4.63,24.7815238095238,5.1856,8.02533333333333,3.704,14.1215,5.66666666666667,19.9333333333333,8.2,42.7777777777778,9.03508771929824,11.0130718954248,11.2962962962963,10.4040404040404,9.03508771929824,11.0130718954248,11.2962962962963,10.4040404040404,2368,4694,1150,2026-03-23,11406,3.2,3,27,NA,NA,NA,71.25,65.5384615384615,68,84.3846153846154,69.95,80.7,84,86.5,NA,-Inf
237,2026-03-22,393.525828571429,390.952382608696,213.7156,354.826956521739,14.0222857142857,15.6578181818182,20.372,8.73085714285714,10.649,10.4946666666667,12.038,5.556,0,1,NA,14.3333333333333,8.2010582010582,8.9766081871345,10.462962962963,8.47222222222222,8.2010582010582,8.9766081871345,10.462962962963,8.47222222222222,5518,6121,4354,2026-03-22,3098,3.7,2.7,36.5,NA,NA,NA,66.9,67.8571428571429,64.2,70.4545454545455,43.4782608695652,55.4210526315789,68.8333333333333,63.25,NA,-Inf
236,2026-03-21,690.000939130435,676.575789473684,340.82736,413.06496,15.1246666666667,10.6762352941176,14.353,12.3103529411765,7.7784,6.019,6.482,9.87733333333333,21.2857142857143,NA,NA,NA,8.67149758454106,7.14975845410628,8.7037037037037,7.75252525252525,8.67149758454106,7.14975845410628,8.7037037037037,7.75252525252525,10436,7223,4892,2026-03-21,5085,7.3,5.8,16.4,NA,NA,NA,69.2727272727273,67.0476190476191,63.6666666666667,67.9,35.6818181818182,16,20.6,25.5454545454545,NA,-Inf
235,2026-03-20,328.5871,485.0638,275.082,759.5616,15.5876666666667,15.9556923076923,13.427,14.816,9.87733333333333,9.26,NA,6.482,34.7142857142857,38.2105263157895,54.3333333333333,17.5555555555556,14.3790849673203,11.2878787878788,12.962962962963,8.5978835978836,14.3790849673203,11.2878787878788,12.962962962963,8.5978835978836,5122,7740,3694,2026-03-20,11254,4.9,5.8,9,NA,NA,NA,76.25,79.5,84.5,69.4285714285714,78.6190476190476,81.7647058823529,93.6,53.9166666666667,NA,-Inf
234,2026-03-19,354.4824,345.628685714286,184.2516,349.936904347826,14.23725,17.131,11.112,17.8255,7.408,9.26,7.408,10.7416,22.8095238095238,31.6842105263158,39.1666666666667,37.5555555555556,15.1058201058201,15.8888888888889,16.5740740740741,14.0432098765432,15.1058201058201,15.8888888888889,16.5740740740741,14.0432098765432,5047,5921,2047,2026-03-19,6238,5.9,6,13.7,NA,NA,NA,70.2,70.3333333333333,70,80.2857142857143,76.6521739130435,78.9444444444444,83.4,82.1818181818182,NA,-Inf
233,2026-03-18,441.546342857143,354.296133333333,202.9968,264.522857142857,14.6925333333333,14.6925333333333,10.7416,12.8405333333333,6.34971428571429,5.9264,5.556,7.408,7.41666666666667,12.75,11.5,21.125,13.8647342995169,14.7727272727273,15.7407407407407,14.2222222222222,13.8647342995169,14.7727272727273,15.7407407407407,14.2222222222222,6487,5206,2181,2026-03-18,3397,4.7,4.8,11.8,NA,NA,NA,74.85,69.8181818181818,72,71.65,62.8181818181818,66.25,76,68.1666666666667,NA,-Inf
232,2026-03-17,222.550892307692,224.2185,168.4528,344.43924,13.8282666666667,12.6790769230769,5.556,14.0443333333333,5.86466666666667,5.556,4.93866666666667,7.408,22.8260869565217,19.2352941176471,13.5,16.7142857142857,12.4074074074074,12.0987654320988,13.3333333333333,13.2163742690058,12.4074074074074,12.0987654320988,13.3333333333333,13.2163742690058,3077,2843,936,2026-03-17,4837,6.9,6.9,15,NA,NA,NA,85,85.2272727272727,85.1666666666667,79.5217391304348,71.5238095238095,62.3157894736842,61.2,57.75,NA,-Inf
231,2026-03-16,315.857466666667,280.8224,196.2912,192.236034782609,13.2489230769231,14.5845,12.038,11.2544615384615,6.6672,7.408,7.408,6.17333333333333,12.5714285714286,13.2727272727273,1,24.6666666666667,12.9411764705882,13.921568627451,15.3333333333333,12.962962962963,12.9411764705882,13.921568627451,15.3333333333333,12.962962962963,4185,4096,2363,2026-03-16,2164,3.2,4.4,22.8,NA,NA,NA,75.1904761904762,75.6,76,80.8888888888889,49.5454545454545,45.15,22.1666666666667,73.6363636363636,NA,-Inf
230,2026-03-15,228.097976470588,198.086133333333,165.7096,294.963272727273,9.04211764705882,7.0376,5.86466666666667,14.1215,5.1856,4.93866666666667,3.704,7.871,16.8947368421053,18.875,17.1666666666667,11.8571428571429,7.12962962962963,8.91975308641975,9.11111111111111,12.8055555555556,7.12962962962963,8.91975308641975,9.11111111111111,12.8055555555556,2062,1394,972,2026-03-15,4165,2.2,2.8,34.6,NA,NA,NA,73.5,75.5789473684211,75.6,73.8181818181818,81.3478260869565,82.3529411764706,86.6666666666667,57.5555555555556,NA,-Inf
229,2026-03-14,929.465828571429,742.84332,330.327,227.006727272727,20.6644210526316,14.3015555555556,11.4824,11.7734285714286,10.2701818181818,6.79066666666667,6.482,6.2968,15.7692307692308,2.44444444444444,2,7.5,6.74242424242424,5.53030303030303,5.92592592592593,6.7989417989418,6.74242424242424,5.53030303030303,5.92592592592593,6.7989417989418,19207,10624,3793,2026-03-14,2673,2.8,1.6,27.7,NA,NA,NA,76.7368421052632,75.9,70.2,74.8695652173913,51.7826086956522,52.35,32.6666666666667,73.3333333333333,NA,-Inf
228,2026-03-13,504.801808695652,551.2562,310.2864,874.776,31.484,20.4694736842105,17.9026666666667,17.0207619047619,18.057,13.4931428571429,12.964,8.64266666666667,85.1333333333333,77.1428571428571,97,49.2222222222222,9.82905982905983,7.29166666666667,8.88888888888889,6.71957671957672,9.82905982905983,7.29166666666667,8.88888888888889,6.71957671957672,15893,11284,5555,2026-03-13,14889,1.9,3,32.8,NA,NA,NA,94.8,91.6111111111111,95.75,76.6363636363636,94.3888888888889,90.9333333333333,99,71.7272727272727,NA,-Inf
227,2026-03-12,342.966260869565,382.8161,367.0808,352.3107,19.5301818181818,24.2612,9.26,28.9117777777778,14.816,9.78914285714286,7.408,12.5936,96.15,95.1111111111111,96.6666666666667,92.125,7.92592592592593,7.59259259259259,6.38888888888889,8.73737373737374,7.92592592592593,7.59259259259259,6.38888888888889,8.73737373737374,6698,9288,3399,2026-03-12,10186,3.4,2.2,32.8,NA,NA,NA,95.5909090909091,95.9,96.8333333333333,95.2142857142857,97.5,97.0588235294118,97.6,96,NA,-Inf
226,2026-03-11,550.057982608696,587.1845,375.92,378.5997,37.1634666666667,36.7930666666667,44.448,20.7993846153846,25.0732307692308,26.3553846153846,33.9533333333333,20.9893333333333,89.65,94.6,93.2,97.8571428571429,8.68686868686869,9.35897435897436,10.2777777777778,8.2051282051282,8.68686868686869,9.35897435897436,10.2777777777778,8.2051282051282,20442,21604,16709,2026-03-11,7875,3.1,3.8,29.8,NA,NA,NA,93.625,94.2222222222222,93,95.1111111111111,94.95,97.2,96.4,98.6666666666667,NA,-Inf
224,2026-03-10,463.683927272727,521.4747,346.3036,711.1111,23.0471111111111,30.3375238095238,25.928,34.2002666666667,13.89,18.52,17.594,22.5944,56.6363636363636,81.3333333333333,83.6666666666667,89.2857142857143,4.57264957264957,6.77777777777778,6.66666666666667,8.43434343434343,4.57264957264957,6.77777777777778,6.66666666666667,8.43434343434343,10687,15820,8979,2026-03-10,24320,4.3,3.9,24.1,NA,NA,NA,87.304347826087,87.7727272727273,89.8333333333333,92.4444444444444,80.0416666666667,89.6666666666667,91.3333333333333,94,NA,-Inf
223,2026-03-09,549.99172173913,509.241286956522,319.024,612.541982608696,16.7769411764706,18.983,15.5568,22.3923636363636,10.9268,11.3177777777778,10.0008,12.964,44.4,51.4705882352941,52.6,48.7777777777778,5.79861111111111,4.7953216374269,5,5.17543859649123,5.79861111111111,4.7953216374269,5,5.17543859649123,9227,9667,4963,2026-03-09,13716,3.3,3.1,23.9,NA,NA,NA,81.4285714285714,82.7,81.5,82.2631578947368,70.8636363636364,72.8421052631579,72.5,70.9,NA,-Inf
222,2026-03-08,418.656654545455,435.2544,309.118,567.4487,19.2402222222222,16.7606,18.2113333333333,17.6380952380952,12.964,12.038,12.038,11.112,36.0454545454545,46.1176470588235,26,53.75,9.75694444444444,7.22222222222222,8.51851851851852,5.46783625730994,9.75694444444444,7.22222222222222,8.51851851851852,5.46783625730994,8055,7295,5629,2026-03-08,10009,3.6,3.4,21.3,NA,NA,NA,90.3333333333333,86.7368421052632,85.5,80.9047619047619,70.5,69.1176470588235,68.5,67.5555555555556,NA,-Inf
220,2026-03-07,299.201305263158,281.731452631579,174.58944,464.144139130435,12.8215384615385,13.9741818181818,9.723,18.3516363636364,8.5192,9.723,5.556,11.4206666666667,20.9565217391304,24.6470588235294,15.5,41.7142857142857,11.797385620915,11.2037037037037,11.5740740740741,9.09722222222222,11.797385620915,11.2037037037037,11.5740740740741,9.09722222222222,3836,3937,1698,2026-03-07,8518,6.9,4.8,24.5,NA,NA,NA,89.6666666666667,89.6111111111111,90,88.8888888888889,73.5714285714286,68.3157894736842,59,70.7777777777778,NA,-Inf
219,2026-03-06,263.624290909091,262.936382608696,167.0304,336.724486956522,21.7095555555556,19.7105714285714,20.372,15.0805714285714,9.52457142857143,10.186,NA,5.556,66.9130434782609,53.9411764705882,56.8333333333333,22.4285714285714,8.47222222222222,9.58333333333333,NA,11.141975308642,8.47222222222222,9.58333333333333,NA,11.141975308642,5723,5183,3403,2026-03-06,5078,2.3,5.5,21.2,NA,NA,NA,93.7647058823529,93.5714285714286,95.25,88.6470588235294,92.5714285714286,90.3636363636364,92.8,74.6666666666667,NA,-Inf
218,2026-03-05,374.904,389.8265,168.3004,345.8845,16.8995,19.9751428571429,16.2976,21.298,9.26,10.0008,7.408,10.186,35.5217391304348,49,33,71.375,7.8968253968254,8.05555555555556,7.77777777777778,8.16666666666667,7.8968253968254,8.05555555555556,7.77777777777778,8.16666666666667,6336,7787,2743,2026-03-05,7367,2.9,2.3,31.3,NA,NA,NA,86.7222222222222,88.7222222222222,88.4,93.8666666666667,77.85,82.0588235294118,76.5,94.25,NA,-Inf
217,2026-03-04,531.610956521739,459.359,283.8704,416.9283,23.9785263157895,19.2402222222222,17.4088,18.2554285714286,15.3716,13.4931428571429,11.112,10.186,69.1304347826087,59.2777777777778,47.1666666666667,61.375,9.375,8.03921568627451,8.05555555555556,7.13675213675214,9.375,8.03921568627451,8.05555555555556,7.13675213675214,12747,8838,4942,2026-03-04,7611,11.2,7.4,16.8,NA,NA,NA,91.2352941176471,89.2666666666667,90.5,88.2222222222222,83.1739130434783,76.8947368421053,72.8333333333333,75.25,NA,-Inf
216,2026-03-03,346.663617391304,491.8075,236.0168,501.3706,15.7964705882353,19.5782857142857,19.2608,16.8363636363636,10.186,13.5196,11.112,14.0222857142857,33.3,63.8823529411765,53.5,89.5,10.5128205128205,10.6410256410256,10.8333333333333,9.35897435897436,10.5128205128205,10.6410256410256,10.8333333333333,9.35897435897436,5476,9629,4546,2026-03-03,8441,5.5,7.8,13.4,NA,NA,NA,90.2222222222222,90.1904761904762,89.75,91.6666666666667,84.8636363636364,90.25,90.8333333333333,92.8571428571429,NA,-Inf
215,2026-03-02,260.952342857143,306.490254545455,144.3228,395.232834782609,6.58488888888889,12.6790769230769,7.408,21.2435294117647,3.704,7.0376,3.704,12.1702857142857,7.78571428571429,14.6666666666667,4.33333333333333,47,10.5291005291005,11.140350877193,11.0185185185185,10.1709401709402,10.5291005291005,11.140350877193,11.0185185185185,10.1709401709402,1718,3886,1069,2026-03-02,8396,8.1,7.1,17.2,NA,NA,NA,86.3333333333333,89.3636363636364,90.6666666666667,91.3809523809524,56.7391304347826,58.1111111111111,51,81.7777777777778,NA,-Inf
214,2026-03-01,222.039542857143,197.219454545455,141.1224,223.471408695652,10.3403333333333,6.79066666666667,4.63,7.81955555555556,4.32133333333333,2.315,NA,3.704,13.2666666666667,15.7692307692308,19.6666666666667,13.8333333333333,10.462962962963,10.5833333333333,10.6666666666667,10.7222222222222,10.462962962963,10.5833333333333,10.6666666666667,10.7222222222222,2296,1339,653,2026-03-01,1747,6.2,7.4,10,NA,NA,NA,75.7777777777778,82.6818181818182,84.5,87.6,75.1818181818182,77.5263157894737,80,70.8,NA,-Inf
213,2026-02-28,199.508533333333,146.78107826087,128.44272,162.0393,11.6170909090909,12.2905454545455,12.038,12.038,6.08514285714286,5.556,3.704,4.63,7.1,15.4,10.3333333333333,24.75,7.66666666666667,8.94444444444444,9,9.2283950617284,7.66666666666667,8.94444444444444,9,9.2283950617284,2318,1804,1546,2026-02-28,1951,10.3,9.1,12.8,NA,NA,NA,78.3157894736842,74.1875,77,77.8888888888889,79.0952380952381,86.9411764705882,89.6666666666667,78.6,NA,-Inf
212,2026-02-27,260.604,267.115636363636,156.3624,182.8927,6.17333333333333,11.9351111111111,10.186,12.6272727272727,4.32133333333333,6.019,3.704,6.482,0,2.5,NA,8.5,6.58333333333333,6.86111111111111,7.03703703703704,6.60130718954248,6.58333333333333,6.86111111111111,7.03703703703704,6.60130718954248,1609,3188,1593,2026-02-27,2309,7.1,8.8,10.1,NA,NA,NA,78.4210526315789,80.7826086956522,82.5,81.1818181818182,40.45,43.2666666666667,30.2,74.3333333333333,NA,-Inf
211,2026-02-26,265.466285714286,240.722727272727,148.98624,273.6215,5.0004,5.0004,4.63,6.61428571428571,4.32133333333333,3.241,NA,4.32133333333333,0,1,NA,0.5,5.83333333333333,6.54320987654321,6.22222222222222,6.54320987654321,5.83333333333333,6.54320987654321,6.22222222222222,6.54320987654321,1327,1204,690,2026-02-26,1810,4.7,4.8,14.8,NA,NA,NA,80.9,80.6,82.3333333333333,79.5238095238095,45.3809523809524,47.5,52.6666666666667,41.9,NA,-Inf
210,2026-02-25,464.2104,442.555085714286,168.2496,355.7778,7.20222222222222,6.37911111111111,6.17333333333333,5.556,6.08514285714286,6.6672,4.63,5.556,12.8333333333333,2.75,0,7.5,6.55555555555556,5.45138888888889,5.92592592592593,5.71895424836601,6.55555555555556,5.45138888888889,5.92592592592593,5.71895424836601,3343,2823,1039,2026-02-25,1977,3.7,3.8,19.5,NA,NA,NA,86.25,84.1818181818182,84,81.7391304347826,53.4090909090909,50.4666666666667,49.8333333333333,43.7142857142857,NA,-Inf
209,2026-02-24,217.460945454545,244.31244,182.88,514.096,11.575,12.2905454545455,12.038,15.0629333333333,7.7784,7.7784,9.26,7.408,66.1428571428571,46.6428571428571,47.2,18.6666666666667,7.02380952380952,6.38888888888889,6.94444444444444,6.04575163398693,7.02380952380952,6.38888888888889,6.94444444444444,6.04575163398693,2517,3003,2202,2026-02-24,7744,2.9,3.2,31.4,NA,NA,NA,96.0625,94.4375,97,87.2,88.2380952380952,76.3157894736842,80.5,53.2,NA,-Inf
208,2026-02-23,402.902057142857,378.919408695652,481.584,240.5126,13.9741818181818,11.7293333333333,9.26,13.3755555555556,7.871,7.7784,5.556,9.26,92.9444444444444,86.7142857142857,87.25,76.875,7.40740740740741,6.43518518518519,5.74074074074074,7.39316239316239,7.40740740740741,6.43518518518519,5.74074074074074,7.39316239316239,5630,4444,4459,2026-02-23,3217,3.1,3.5,26.7,NA,NA,NA,96.6,96.9523809523809,98.8,94.4444444444444,96.5263157894737,94.4666666666667,95.8,88.5,NA,-Inf
207,2026-02-22,370.491026086957,380.030181818182,177.94224,323.671095652174,23.8114285714286,19.9362352941176,16.668,16.2406153846154,15.1527272727273,11.8528,12.964,9.6304,65.25,76.8235294117647,80.6666666666667,93,8.00925925925926,9.04040404040404,8.61111111111111,8.58585858585859,8.00925925925926,9.04040404040404,8.61111111111111,8.58585858585859,8822,7576,2966,2026-02-22,5257,NA,2.9,28.2,NA,NA,NA,84.3333333333333,93.6875,92.8,96.9230769230769,82.9047619047619,86.3125,89,96,NA,-Inf
206,2026-02-21,235.25988,259.471885714286,172.3644,335.8261,23.4586666666667,24.19175,25.928,19.9604444444444,16.0506666666667,17.0795555555556,19.1373333333333,12.964,63.1904761904762,57,53,76.75,5.8974358974359,6.79487179487179,6.85185185185185,7.29166666666667,5.8974358974359,6.79487179487179,6.85185185185185,7.29166666666667,5519,6277,4469,2026-02-21,6703,5.4,NA,19.9,NA,NA,NA,84,82.0588235294118,77.25,87.7894736842105,90,87.1764705882353,85.8333333333333,89.375,NA,-Inf
205,2026-02-20,400.591866666667,383.967789473684,160.3248,285.3944,13.9444705882353,17.24675,11.112,25.0732307692308,7.09933333333333,11.4824,9.26,14.816,7.28571428571429,20.9411764705882,6.66666666666667,47.25,4.31372549019608,5.19607843137255,4.66666666666667,5.85470085470085,4.31372549019608,5.19607843137255,4.66666666666667,5.85470085470085,5586,6622,1782,2026-02-20,7156,4.2,4.7,19.5,NA,NA,NA,83.7142857142857,77.0625,80.8,76.5454545454545,69.3636363636364,74,67.8333333333333,84.3,NA,-Inf
204,2026-02-19,371.763234782609,372.645709090909,179.46624,386.155095652174,10.2404705882353,10.2477333333333,8.334,10.76475,6.17333333333333,7.0376,4.63,9.26,21.7727272727273,13.1333333333333,11.4,16.1428571428571,4.27083333333333,3.45029239766082,3.44444444444444,3.77777777777778,4.27083333333333,3.45029239766082,3.44444444444444,3.77777777777778,3807,3819,1496,2026-02-19,4157,3.7,3.8,27,NA,NA,NA,84.3157894736842,85,85.5,82.6842105263158,59.125,48.8421052631579,35.8333333333333,68.9090909090909,NA,-Inf
203,2026-02-18,402.9456,387.0833,220.0148,439.2041,18.7052,18.2554285714286,18.52,10.7416,12.8215384615385,11.112,10.186,6.34971428571429,48.7826086956522,53.2777777777778,65.8333333333333,33.75,2.74305555555556,3.33333333333333,3.05555555555556,3.69281045751634,2.74305555555556,3.33333333333333,3.05555555555556,3.69281045751634,7537,7066,4075,2026-02-18,4718,2.7,3,32.5,NA,NA,NA,90.6875,91.6111111111111,90.4,86.7272727272727,80.2608695652174,85.4117647058823,91,71.125,NA,-Inf
202,2026-02-17,516.37692,482.266171428571,165.7096,458.3049,19.09875,14.0222857142857,11.7293333333333,13.7356666666667,8.7044,7.6395,4.93866666666667,10.649,48.2608695652174,40.3333333333333,31.3333333333333,43.25,3.5672514619883,2.98245614035088,2.88888888888889,2.56944444444444,3.5672514619883,2.98245614035088,2.88888888888889,2.56944444444444,9862,6762,1944,2026-02-17,6295,4.7,4,25.7,NA,NA,NA,85.7894736842105,86.2,88,88.3125,69.4347826086957,67.8333333333333,57.8333333333333,77.625,NA,-Inf
201,2026-02-16,313.015745454545,447.340382608696,190.68288,545.4777,16.668,24.1788888888889,17.9026666666667,18.3021176470588,10.186,12.964,11.112,8.797,53.7083333333333,58.4705882352941,37,59.5714285714286,3.96296296296296,3.47222222222222,3.05555555555556,3.54700854700855,3.96296296296296,3.47222222222222,3.05555555555556,3.54700854700855,5217,10816,3414,2026-02-16,9983,4.3,4.3,17.5,NA,NA,NA,92,90.1333333333333,91.2,83.7058823529412,77.2173913043478,75.1666666666667,59.3333333333333,77.5,NA,-Inf
200,2026-02-15,279.972654545455,316.742618181818,174.77232,440.4487,10.649,12.038,9.26,21.9925,6.61428571428571,7.09933333333333,4.63,11.112,13.3888888888889,20,6,43.7142857142857,6.86274509803922,6.42361111111111,6.94444444444444,4.88888888888889,6.86274509803922,6.42361111111111,6.94444444444444,4.88888888888889,2981,3813,1618,2026-02-15,9687,6.4,6.2,14.1,NA,NA,NA,87.7272727272727,86.2857142857143,86,86.5263157894737,60.6666666666667,62.3684210526316,52.6666666666667,82,NA,-Inf
198,2026-02-14,308.024463157895,312.821781818182,187.51296,315.096939130435,11.8528,12.6994285714286,14.353,10.186,7.408,8.334,10.186,6.2968,31.1304347826087,36.8823529411765,38.6,23.5,6.57407407407407,6.38888888888889,6.11111111111111,6.79738562091503,6.57407407407407,6.38888888888889,6.11111111111111,6.79738562091503,3651,3973,2691,2026-02-14,3210,9.1,5,17.8,NA,NA,NA,90.75,89.7368421052632,89.6,86.4444444444444,88.1,84.8235294117647,89,66.7272727272727,NA,-Inf
197,2026-02-13,287.165142857143,279.13584,178.3842,264.247745454545,13.9444705882353,14.93175,15.279,12.038,8.43688888888889,7.71666666666667,9.26,6.482,40.4761904761905,59.7777777777778,72.5,48.875,6.31944444444444,6.98412698412698,7.5,6.55555555555556,6.31944444444444,6.98412698412698,7.5,6.55555555555556,4004,4168,2726,2026-02-13,3181,5.2,9.8,7.5,NA,NA,NA,92.3333333333333,92.8421052631579,94.4,92.2941176470588,86.3181818181818,91.6111111111111,94.6,87.2727272727273,NA,-Inf
196,2026-02-12,259.875866666667,254.072571428571,160.3248,296.6212,7.61377777777778,9.56866666666667,9.26,9.723,3.704,4.93866666666667,NA,6.482,1.33333333333333,8.42857142857143,1.66666666666667,38.8,6.41414141414141,7.0679012345679,6.44444444444444,5.75757575757576,6.41414141414141,7.0679012345679,6.44444444444444,5.75757575757576,1979,2431,1485,2026-02-12,2884,3.2,4.1,12.5,NA,NA,14.6,83.875,85.6363636363636,88.6666666666667,90.2777777777778,43.75,45.3157894736842,26.3333333333333,80.0909090909091,NA,-Inf
195,2026-02-11,326.34555,237.468228571429,165.7096,223.206365217391,16.668,13.89,13.7048,7.14342857142857,7.408,6.482,5.556,4.63,NA,NA,NA,2,7.22222222222222,6.49122807017544,7.77777777777778,5.23391812865497,7.22222222222222,6.49122807017544,7.77777777777778,5.23391812865497,5440,3298,2271,2026-02-11,1594,5.7,3.6,20.4,NA,NA,7,74.6086956521739,76.9047619047619,76.5,83.85,7.21052631578947,23.8666666666667,8.25,41.5454545454545,NA,16
194,2026-02-10,290.38296,294.0558,179.64912,291.417828571429,19.33025,21.2138181818182,21.298,13.5813333333333,10.4946666666667,12.038,11.112,7.871,0.714285714285714,0.5,NA,NA,7.08333333333333,6.74603174603175,6.88888888888889,6.56084656084656,7.08333333333333,6.74603174603175,6.88888888888889,6.56084656084656,5613,6238,3826,2026-02-10,3958,3.4,4.4,23,NA,NA,7.8,80.2380952380952,75.3,75,75.35,47.9,22.625,16.5,11.1818181818182,NA,23
193,2026-02-09,423.897286956522,362.075895652174,171.48048,298.5262,12.8317142857143,16.5651111111111,10.186,23.5312941176471,10.2701818181818,8.02533333333333,3.704,8.64266666666667,36.2727272727273,14.2,1.5,NA,7.40740740740741,6.11111111111111,6.33333333333333,6.47222222222222,7.40740740740741,6.11111111111111,6.33333333333333,6.47222222222222,5439,5998,1747,2026-02-09,7025,4.1,3.3,29,NA,NA,3.8,90.6315789473684,87.7619047619048,91.5,79.6086956521739,63.1304347826087,53.8888888888889,46,47.8181818181818,NA,9
191,2026-02-08,235.222472727273,346.027513043478,205.06944,428.0027,11.5018947368421,16.32075,16.668,16.3830769230769,6.482,11.112,NA,8.64266666666667,67.0434782608696,58.4705882352941,58.2,41.125,8.97435897435897,7.87878787878788,7.5,7.77777777777778,8.97435897435897,7.87878787878788,7.5,7.77777777777778,2706,5647,3418,2026-02-08,7012,8.1,7.1,11,NA,NA,8.4,96.9473684210526,95.5625,97.5,90.3125,87.9,78,81.1666666666667,61,NA,14
190,2026-02-07,320.9925,304.3428,265.684,196.1642,16.5255384615385,17.5395294117647,16.668,15.9054117647059,10.4946666666667,11.112,10.186,9.26,62.7,85.9411764705882,87,85.875,9.25925925925926,10.0396825396825,10.1851851851852,9.16666666666667,9.25925925925926,10.0396825396825,10.1851851851852,9.16666666666667,5305,5338,4428,2026-02-07,3120,5.8,6.9,7.8,NA,NA,11.2,93.8333333333333,95.2857142857143,98.5,95.1666666666667,82.6190476190476,94.7857142857143,95.1666666666667,92.3333333333333,NA,19
188,2026-02-06,167.7162,163.84987826087,110.998,232.827443478261,9.26,8.797,10.186,14.3802352941176,5.24733333333333,5.556,5.556,9.52457142857143,3,12.2727272727273,3.33333333333333,41.4285714285714,9.38888888888889,9.62962962962963,8.7962962962963,8.72222222222222,9.38888888888889,9.62962962962963,8.7962962962963,8.72222222222222,1553,1441,1131,2026-02-06,3348,5.2,5.6,18.7,NA,NA,2.8,81.3684210526316,87.6842105263158,88,91.8947368421053,26.4347826086957,41.7647058823529,27.6666666666667,79,NA,4
187,2026-02-05,250.532347826087,193.755818181818,181.23408,160.417565217391,20.1868,14.9249411764706,17.9026666666667,12.6553333333333,16.205,11.112,12.038,5.82057142857143,0,NA,NA,4,10.7894736842105,9.66666666666667,9.77777777777778,8.5672514619883,10.7894736842105,9.66666666666667,9.77777777777778,8.5672514619883,5057,2892,3245,2026-02-05,2030,3.2,3.9,19.1,NA,NA,2.4,70.2666666666667,76.1052631578947,73.6,80.1428571428571,13,14.4375,7,25.25,NA,5
186,2026-02-04,223.4565,248.2596,164.2872,263.4488,18.3250526315789,22.224,22.224,24.076,11.4206666666667,14.816,14.816,12.501,1,NA,NA,NA,11.0130718954248,10.5246913580247,9.81481481481481,9.73856209150327,11.0130718954248,10.5246913580247,9.81481481481481,9.73856209150327,4095,5517,3651,2026-02-04,6343,5.4,3.5,14.3,NA,NA,6,71.6,70.8181818181818,72.2,71.7272727272727,37.2272727272727,14.8888888888889,5.16666666666667,20,NA,15
185,2026-02-03,239.7252,246.224611764706,160.3248,252.942436363636,12.6994285714286,14.353,17.594,19.3137142857143,6.482,6.6672,7.408,7.408,1.42857142857143,1.66666666666667,1.5,1,10.1461988304094,10.8950617283951,10.1111111111111,9.89583333333333,10.1461988304094,10.8950617283951,10.1111111111111,9.89583333333333,3044,3534,2821,2026-02-03,4885,9.9,8.7,3.4,NA,NA,11.6,83,78,80,73.9473684210526,54.8260869565217,64.0555555555556,67,51.4,NA,17
184,2026-02-02,194.056,195.20535,156.3624,213.026171428571,12.038,11.6411428571429,9.26,14.1986666666667,4.32133333333333,3.704,NA,4.93866666666667,21.0555555555556,13,4.5,1,9.29012345679012,8.78306878306878,9,8.85964912280702,9.29012345679012,8.78306878306878,9,8.85964912280702,2336,2272,1448,2026-02-02,3025,8.4,8.6,14.2,NA,NA,8.6,89.8666666666667,89.125,91,81.6111111111111,56.0416666666667,42.8888888888889,29.5,46.3,NA,21
183,2026-02-01,370.762305882353,320.685458823529,164.4396,159.3088,18.7378823529412,16.668,15.279,8.64266666666667,10.4946666666667,10.186,7.408,3.704,36.6363636363636,26.4545454545455,11.2,20,9.03508771929824,8.69281045751634,8.44444444444444,8.43137254901961,9.03508771929824,8.69281045751634,8.44444444444444,8.43137254901961,6947,5345,2512,2026-02-01,1377,8.1,7.2,11.5,NA,NA,9.8,90.5,92.7222222222222,95.8,90.6875,69.0434782608696,63.0909090909091,49.1666666666667,62.9285714285714,NA,13
182,2026-01-31,187.6552,256.1082,156.3624,354.569485714286,8.58654545454545,12.1923333333333,10.4946666666667,18.52,4.63,7.871,NA,10.5828571428571,7.53846153846154,36.6,3.25,46.9230769230769,11.2301587301587,10.4575163398693,9.77777777777778,9.36507936507937,11.2301587301587,10.4575163398693,9.77777777777778,9.36507936507937,1611,3123,1641,2026-01-31,6567,8.3,8.8,5.5,NA,NA,15,83.9523809523809,84,86,90.7692307692308,66.875,72.1363636363636,66.3333333333333,82.5,NA,24
181,2026-01-30,185.6232,178.644884210526,164.2872,188.247130434783,11.6411428571429,11.112,8.334,11.4487272727273,6.08514285714286,5.556,5.556,6.482,29.7727272727273,25.2,11.3333333333333,9.3,9.64646464646465,10.1515151515152,10,10.6481481481481,9.64646464646465,10.1515151515152,10,10.6481481481481,2161,1985,1369,2026-01-30,2155,9.9,7.1,12.4,NA,NA,10.1,85.4285714285714,87.6818181818182,89.6666666666667,85.4117647058823,87.3809523809524,83.75,87.3333333333333,75.5,NA,18
180,2026-01-29,215.527466666667,189.19952,NA,187.582628571429,12.0924705882353,11.3589333333333,10.4946666666667,12.8096666666667,8.334,7.408,5.556,6.6672,50,29.5,15.2,20.8333333333333,9.91452991452991,9.59259259259259,8.88888888888889,8.88888888888889,9.91452991452991,9.59259259259259,8.88888888888889,8.88888888888889,2606,2149,NA,2026-01-29,2403,13.2,13.9,10.5,NA,NA,12.8,88.1176470588235,87.1666666666667,91.3333333333333,89.4375,89.8571428571429,90,90.5,86.5555555555556,NA,20
179,2026-01-28,242.128430769231,248.2977,160.3248,206.280327272727,18.63575,19.8575555555556,17.594,15.8742857142857,11.8528,12.3466666666667,NA,10.186,47.1739130434783,66.4705882352941,61.4,67.75,7.86324786324786,8.98148148148148,8.51851851851852,9.90740740740741,7.86324786324786,8.98148148148148,8.51851851851852,9.90740740740741,4512,4931,2821,2026-01-28,3275,12.1,13.9,21.4,NA,NA,3.8,89.4761904761905,90.0588235294118,90.75,89.25,81.7083333333333,92.7647058823529,92.3333333333333,92.625,NA,14
178,2026-01-27,224.543815384615,243.569066666667,160.3248,278.242643478261,17.7792,21.761,17.0384,23.3134117647059,11.575,10.8474285714286,8.334,12.038,20.1818181818182,40.7333333333333,32.8,69,6.03703703703704,7.18954248366013,6.11111111111111,8.41880341880342,6.03703703703704,7.18954248366013,6.11111111111111,8.41880341880342,3992,5300,2732,2026-01-27,6487,17.2,15,10,NA,NA,13.9,67.4285714285714,77.3,72.4,89.2105263157895,81.4090909090909,83.3888888888889,89.6666666666667,84.6,NA,19
177,2026-01-26,188.65596,192.5574,137.3124,198.628,8.46628571428571,14.1986666666667,10.186,17.8144761904762,9.26,13.89,10.186,14.6102222222222,4.69230769230769,4.2,2.5,25.4,5.48148148148148,6.18518518518519,5.11111111111111,6.16161616161616,5.48148148148148,6.18518518518519,5.11111111111111,6.16161616161616,1597,2734,1399,2026-01-26,3538,11.1,13.5,13.8,NA,NA,11.4,70.1764705882353,68.7777777777778,77,70.2857142857143,65,68.6315789473684,64.1666666666667,82.7272727272727,NA,22
176,2026-01-25,220.895333333333,199.68972,156.3624,182.921563636364,11.3765714285714,9.59672727272727,11.112,7.57636363636364,7.9636,5.24733333333333,3.704,3.704,0.5,4,1,3.8,2.91666666666667,3.24074074074074,2.44444444444444,3.85416666666667,2.91666666666667,3.24074074074074,2.44444444444444,3.85416666666667,2513,1916,1737,2026-01-25,1386,6.7,8.2,17.1,NA,NA,11.5,68.1111111111111,68,70.3333333333333,70.7647058823529,47.55,72.625,71,77.4545454545455,NA,23
175,2026-01-24,232.477733333333,230.98125,156.3624,212.2932,19.2916666666667,15.3716,12.038,16.0506666666667,13.3344,9.4915,NA,5.9264,0,NA,NA,1,2.38888888888889,2.71929824561404,2,2.11111111111111,2.38888888888889,2.71929824561404,2,2.11111111111111,4485,3551,1882,2026-01-24,3407,6.5,6.7,25,NA,NA,2.2,64.1176470588235,66.7222222222222,71.5,66.8421052631579,2.77777777777778,13.6,5.2,45.3,NA,17
174,2026-01-23,274.0787,270.620836363636,159.0548,236.400109090909,26.27525,23.2426,21.761,18.3142222222222,12.038,12.038,12.038,5.556,2.5,NA,NA,NA,2.77777777777778,2.01754385964912,2,1.66666666666667,2.77777777777778,2.01754385964912,2,1.66666666666667,7201,6290,3461,2026-01-23,4329,5.8,5.8,17.8,NA,NA,3.1,65.2352941176471,61.1111111111111,61.5,60.4545454545455,25.35,2.17647058823529,1.8,2.76923076923077,NA,6
173,2026-01-22,244.637169230769,265.6332,NA,314.800342857143,13.7577142857143,18.1231428571429,9.26,22.3329411764706,9.8156,9.05422222222222,6.79066666666667,12.3466666666667,5.91666666666667,6.0625,7,4.83333333333333,2.58169934640523,3.20261437908497,3.33333333333333,3.33333333333333,2.58169934640523,3.20261437908497,3.33333333333333,3.33333333333333,3366,4814,NA,2026-01-22,7030,5.6,6.1,20.1,NA,NA,2,70.65,68.0714285714286,73.3333333333333,59.5384615384615,54.2173913043478,57.1052631578947,61,28.4444444444444,NA,3
172,2026-01-21,246.475623529412,263.16432,164.4396,241.8588,24.076,20.372,21.298,17.9644,15.742,11.3765714285714,12.964,9.26,NA,NA,NA,1,3.43137254901961,2.55555555555556,2.59259259259259,1.9281045751634,3.43137254901961,2.55555555555556,2.59259259259259,1.9281045751634,5934,5361,3502,2026-01-21,4345,5.3,5,19.9,NA,NA,2.3,64.7333333333333,68.0476190476191,68.6666666666667,68.0909090909091,18.5789473684211,14.7647058823529,8.2,31.6363636363636,NA,3
171,2026-01-20,239.89792,243.010266666667,164.4396,249.880581818182,20.8658666666667,25.1872,26.854,22.7796,14.6735384615385,17.594,18.52,14.816,NA,NA,NA,NA,4.88304093567251,4.72222222222222,4.35185185185185,3.69281045751634,4.88304093567251,4.72222222222222,4.35185185185185,3.69281045751634,5006,6121,4416,2026-01-20,5692,4.3,5.3,21.1,NA,NA,2,67.2631578947368,64.8333333333333,63.2,65.8,26.9130434782609,29.8888888888889,28.3333333333333,30.1818181818182,NA,3
170,2026-01-19,222.00108,210.600757894737,164.4396,210.855339130435,26.7827692307692,19.1373333333333,24.076,16.4365,16.668,12.2232,13.89,7.408,NA,NA,NA,NA,5.35087719298246,4.76608187134503,4.66666666666667,4.28104575163399,5.35087719298246,4.76608187134503,4.66666666666667,4.28104575163399,5946,4030,3959,2026-01-19,3466,7,5.4,20.5,NA,NA,1.7,62.75,65.8125,65.75,64.6842105263158,1.64285714285714,11.3333333333333,2,19.6,NA,3
168,2026-01-18,235.269741176471,245.34876,164.4396,248.1707,24.6316,26.7827692307692,25.002,27.6565333333333,16.1388571428571,17.131,14.816,14.0752,NA,NA,NA,NA,6.14583333333333,6.24183006535948,5.55555555555556,5.34722222222222,6.14583333333333,6.24183006535948,5.55555555555556,5.34722222222222,5795,6571,4111,2026-01-18,6864,4.2,6.2,23,NA,NA,1.7,64.8235294117647,61.625,66,61.6842105263158,1.8125,2.63636363636364,2,3.375,NA,3
167,2026-01-17,232.883242105263,240.06048,164.4396,241.0968,27.78,23.8114285714286,23.15,22.0556363636364,17.3625,11.9057142857143,12.038,8.64266666666667,0,NA,NA,NA,6.25730994152047,5.84967320261438,5.11111111111111,5.37037037037037,6.25730994152047,5.84967320261438,5.11111111111111,5.37037037037037,6469,5716,3807,2026-01-17,5318,3.8,3.3,27,NA,NA,2.4,63.2727272727273,66,69.6666666666667,68.9333333333333,1.46666666666667,2.81818181818182,1.75,3.625,NA,4
166,2026-01-16,232.07472,251.3838,168.402,254.4318,32.7661538461538,31.021,32.41,25.6193333333333,22.224,20.5777777777778,22.224,17.2853333333333,NA,NA,NA,NA,7.95138888888889,7.22222222222222,7.22222222222222,6.74074074074074,7.95138888888889,7.22222222222222,7.22222222222222,6.74074074074074,7604,7798,5458,2026-01-16,6518,13,7.7,14.3,NA,NA,5.8,67.25,65.1111111111111,64.6666666666667,67.9411764705882,1.5625,2.78571428571429,2,3.77777777777778,NA,9
164,2026-01-15,241.729846153846,250.02744,168.402,253.5809,19.4947368421053,29.7554666666667,29.632,32.7186666666667,9.52457142857143,17.131,16.668,19.1373333333333,0,NA,NA,NA,7.5,8.33333333333333,7.77777777777778,7.77777777777778,7.5,8.33333333333333,7.77777777777778,7.77777777777778,4712,7440,4990,2026-01-15,8297,18.5,16,-39.5,NA,NA,9.2,86.9333333333333,70.6428571428571,72.5,65.3125,38.625,12.5,2,9.77777777777778,NA,12
163,2026-01-14,213.34095,231.32796,162.306,241.734109090909,7.408,13.0729411764706,9.26,21.87675,2.778,8.02533333333333,NA,9.26,NA,NA,NA,NA,5.81699346405229,6.2037037037037,6.22222222222222,7.3202614379085,5.81699346405229,6.2037037037037,6.22222222222222,7.3202614379085,1580,3024,1503,2026-01-14,5288,20.6,22.3,1.9,NA,NA,12.1,90.8947368421053,90.2777777777778,92.75,83.9411764705882,55.6363636363636,50.2777777777778,49.6,42.9090909090909,NA,18
162,2026-01-13,151.001505882353,159.9438,156.3624,170.051895652174,3.704,3.1484,3.08666666666667,4.167,2.778,2.778,NA,4.32133333333333,NA,NA,NA,NA,5.83333333333333,5.58823529411765,5.55555555555556,5.10416666666667,5.83333333333333,5.58823529411765,5.55555555555556,5.10416666666667,559,504,483,2026-01-13,709,14.3,13.5,5.4,NA,NA,11.3,88.45,90.2,92,91.1578947368421,55.7826086956522,55.8888888888889,50.1666666666667,51.2727272727273,NA,21
161,2026-01-12,183.92775,168.634610526316,154.3812,144.516763636364,6.79066666666667,5.556,4.63,5.556,2.46933333333333,2.778,2.46933333333333,3.08666666666667,3.22222222222222,1.5,1,0,7.80864197530864,7.63888888888889,7.33333333333333,6.59259259259259,7.80864197530864,7.63888888888889,7.33333333333333,6.59259259259259,1249,937,715,2026-01-12,803,20.3,18.1,3.8,NA,NA,11.4,79.1428571428571,83.9523809523809,87,87.3684210526316,54.2916666666667,53.4210526315789,47.6666666666667,65.0909090909091,NA,19
160,2026-01-11,178.3842,182.13705,156.3624,174.586231578947,10.6181333333333,10.0537142857143,11.112,6.99644444444444,4.63,4.63,NA,4.63,11.6666666666667,10.1428571428571,14.4,5,7.7037037037037,7.64705882352941,8.05555555555556,7.15277777777778,7.7037037037037,7.64705882352941,8.05555555555556,7.15277777777778,1894,1831,1737,2026-01-11,1221,13.1,18.3,3.1,NA,NA,9.6,79.4117647058823,77.2222222222222,80.3333333333333,78.4444444444444,71,62.4444444444444,63.2,56.2727272727273,NA,17
159,2026-01-10,171.8691,170.112266666667,156.3624,166.972342857143,8.27226666666667,8.46628571428571,9.26,8.20171428571429,3.704,4.0744,3.704,4.8152,6.33333333333333,9.38461538461539,8.5,11.875,7.17948717948718,7.15277777777778,6.94444444444444,7.00854700854701,7.17948717948718,7.15277777777778,6.94444444444444,7.00854700854701,1422,1440,1448,2026-01-10,1369,3.3,7.9,10.5,NA,NA,10.8,81.5833333333333,78,NA,76.9090909090909,76.5454545454545,72.0526315789474,71,66.6,NA,20
158,2026-01-09,215.58504,183.42864,152.4,158.575513043478,10.186,6.945,7.408,7.54028571428571,5.86466666666667,3.704,NA,4.63,5.9,1.2,2,7.5,6.91358024691358,6.66666666666667,6.11111111111111,5.92592592592593,6.91358024691358,6.66666666666667,6.11111111111111,5.92592592592593,2196,1274,1129,2026-01-09,1196,3.2,3.3,25.7,NA,NA,4.1,88.8823529411765,84.2666666666667,87,83.3333333333333,62.4782608695652,65.7368421052632,62.6666666666667,78.0909090909091,NA,14
157,2026-01-08,290.133741176471,261.117347368421,176.3268,189.834981818182,22.0696666666667,18.2350769230769,23.15,9.4452,11.6411428571429,9.26,9.26,5.556,44,32.9444444444444,33.3333333333333,12.6666666666667,5.04273504273504,5.55555555555556,5.74074074074074,5.625,5.04273504273504,5.55555555555556,5.74074074074074,5.625,6403,4761,4082,2026-01-08,1793,2.4,2.9,30.6,NA,NA,4,93,93.7777777777778,95.3333333333333,90.5555555555556,76.6818181818182,79.1111111111111,81.1666666666667,70.4545454545455,NA,6
155,2026-01-07,363.67212,339.068228571429,231.0384,357.405709090909,24.3684210526316,21.9315789473684,20.372,20.372,15.0012,13.1492,10.186,11.4206666666667,99,87,87,87,3.88888888888889,1.66666666666667,3.88888888888889,1.66666666666667,6.66666666666667,6.11111111111111,4.44444444444444,6.66666666666667,8862,7436,4707,2026-01-07,7281,8.6,3.8,23,NA,NA,3.7,92.5882352941177,94.2631578947368,95,93.45,81.7083333333333,79.9444444444444,84.8333333333333,73.2222222222222,NA,12
154,2026-01-06,375.428933333333,439.91784,216.2556,407.9875,28.6031111111111,32.6536842105263,30.3728,28.0724210526316,18.7378823529412,19.8428571428571,20.372,12.4348571428571,100,100,88,96,2.77777777777778,4.44444444444444,Inf,3.88888888888889,7.77777777777778,7.77777777777778,-Inf,6.66666666666667,10738,14365,6568,2026-01-06,11453,3.2,7.8,15.4,NA,NA,11.2,93.7222222222222,92.6666666666667,95.2,92.4285714285714,88.45,84.1176470588235,87.6,78.7777777777778,NA,24
153,2026-01-05,326.2884,365.471242105263,164.4396,424.241843478261,9.26,12.84825,5.556,26.7511111111111,6.08514285714286,8.20171428571429,2.778,15.8742857142857,48,87,1,98,3.88888888888889,2.77777777777778,3.88888888888889,2.77777777777778,8.33333333333333,8.33333333333333,6.11111111111111,6.66666666666667,3021,4696,914,2026-01-05,11349,5,2.1,33.3,NA,NA,2,91.0526315789474,90.5789473684211,93,93.2941176470588,54.9545454545455,57.0588235294118,55.3333333333333,88.1428571428571,NA,12
152,2026-01-04,421.567428571429,359.239930434783,194.9196,265.666330434783,29.97925,22.7531428571429,25.002,13.1955,18.9473846153846,13.3755555555556,12.964,6.482,96,88,56,56,6.66666666666667,4.44444444444444,6.66666666666667,3.33333333333333,10,10,6.66666666666667,7.77777777777778,12638,8174,4873,2026-01-04,3506,5.6,7,14.9,NA,NA,6,91.0588235294118,92.9444444444444,93.8,91.7777777777778,78.6666666666667,74.375,66.4,61.1,NA,15
150,2026-01-03,201.850171428571,375.911165217391,171.54144,556.8061,15.6875294117647,25.0507368421053,18.8904,30.1767058823529,11.7293333333333,16.9325714285714,14.816,16.1388571428571,97,97,97,96,6.66666666666667,7.77777777777778,8.88888888888889,7.22222222222222,11.1111111111111,11.1111111111111,9.44444444444444,10,3167,9417,3240,2026-01-03,16803,6.4,5.3,8.3,NA,NA,7.7,90.2777777777778,90.6470588235294,93,91.1578947368421,79.4090909090909,88.1176470588235,90.3333333333333,87.75,NA,13
149,2026-01-02,163.00704,191.228133333333,168.402,223.325634782609,14.0443333333333,15.8742857142857,19.446,16.0981538461538,6.482,11.112,NA,14.0752,72,84,20,95,5,7.22222222222222,8.88888888888889,7.22222222222222,11.6666666666667,11.6666666666667,9.44444444444444,12.2222222222222,2289,3036,3275,2026-01-02,3595,6.2,6.9,17,NA,NA,4.2,93.8823529411765,91.1,90.3333333333333,89.25,77.1904761904762,77,56.8333333333333,89.3333333333333,NA,13
148,2026-01-01,200.49744,204.449082352941,160.4772,199.35444,11.7734285714286,13.89,7.408,15.0109473684211,10.186,8.8896,NA,8.64266666666667,96,96,96,88,2.77777777777778,5.55555555555556,6.11111111111111,5.55555555555556,6.11111111111111,10.5555555555556,6.11111111111111,12.2222222222222,2361,2840,1189,2026-01-01,2992,4.3,5.5,21.6,NA,NA,2.9,89.2,96.6470588235294,97.5,95.5625,92.8,93.6666666666667,95.3333333333333,83.5,NA,4
147,2025-12-31,244.3734,217.61196,164.4396,195.2244,12.2695,12.038,12.038,10.6069090909091,7.408,6.79066666666667,NA,5.556,3,27,3,94,1.66666666666667,3.33333333333333,3.33333333333333,3.88888888888889,8.33333333333333,8.33333333333333,4.44444444444444,6.66666666666667,2998,2620,1980,2025-12-31,2071,3.4,3.9,23.8,NA,NA,2.5,73.5,73.8333333333333,77.3333333333333,90.2,40,63.5652173913044,53.5,91.7368421052632,NA,4
145,2025-11-03,225.874729411765,227.256109090909,188.214,253.608114285714,12.1702857142857,12.5366153846154,11.112,16.8223333333333,9.26,10.186,10.186,12.6994285714286,99,99,86,97,8.88888888888889,8.33333333333333,9.44444444444444,8.33333333333333,11.1111111111111,12.7777777777778,10,14.4444444444444,2749,2849,2091,2025-11-03,4266,4.9,5.1,17.7,NA,NA,6.7,94.2,97.3157894736842,99.4,92.3529411764706,94.3333333333333,85.7272727272727,94.5,81.5882352941177,NA,12
144,2025-10-23,393.227858823529,477.665142857143,182.2704,459.293843478261,12.7170666666667,19.9604444444444,13.427,25.3431578947368,6.482,13.89,9.26,15.5105,17,96,9,97,10,12.7777777777778,12.7777777777778,11.6666666666667,18.3333333333333,18.3333333333333,17.2222222222222,15,5001,9534,2447,2025-10-23,11640,11.8,12.4,-74.5,NA,NA,7.4,86.1363636363636,78.0666666666667,79.4,90.9,71.8636363636364,75.3157894736842,65.3333333333333,87,NA,19
143,2025-10-20,485.8512,385.049485714286,195.62064,238.159636363636,10.1147692307692,10.2477333333333,10.8033333333333,9.8156,5.24733333333333,5.86466666666667,4.63,5.556,12,12,3,1,7.77777777777778,5.55555555555556,9.44444444444444,5.55555555555556,15.5555555555556,15.5555555555556,14.4444444444444,17.2222222222222,4914,3946,2113,2025-10-20,2338,7.3,4.4,28.8,NA,NA,2.2,87.3846153846154,88,85.6,81.9375,29,21.8,8.5,31.6666666666667,NA,12
142,2025-10-16,403.218315789474,407.01468,214.82304,489.799085714286,6.482,6.58488888888889,8.02533333333333,9.52457142857143,2.778,3.704,1.852,3.704,14,25,14,25,5,8.88888888888889,10.5555555555556,8.88888888888889,16.6666666666667,16.6666666666667,14.4444444444444,15.5555555555556,2614,2680,1724,2025-10-16,4665,2.9,5.3,12.2,NA,NA,10.7,79,78.9375,75.5,82,31.4090909090909,61.55,58.5,56.75,NA,23
141,2025-10-10,398.489714285714,412.623,247.142,445.9732,15.6802666666667,17.94125,17.131,18.3348,5.556,9.6304,5.556,10.8474285714286,88,98,50,98,11.1111111111111,9.44444444444444,11.6666666666667,9.44444444444444,15.5555555555556,15.5555555555556,13.3333333333333,13.3333333333333,6248,7403,4234,2025-10-10,8177,6.8,6.5,11,NA,NA,10.9,91.0526315789474,91.2777777777778,90.5,95.6875,78.4210526315789,71.9090909090909,60.1666666666667,75.8461538461538,NA,17
140,2025-10-07,362.919818181818,448.466817391304,197.612,662.993008695652,10.9797142857143,9.26,11.112,8.8896,9.26,5.82057142857143,NA,5.1856,2,8,2,23,12.2222222222222,9.44444444444444,14.4444444444444,9.44444444444444,25.5555555555556,25.5555555555556,23.8888888888889,16.1111111111111,3985,4153,2196,2025-10-07,5894,4.7,3.8,-17.8,-186.7,NA,5.7,46.3157894736842,64.8636363636364,54.6666666666667,73.3478260869565,4.55,17.4090909090909,3.4,33.6875,-Inf,13
139,2025-08-18,760.838857142857,700.56292173913,646.684,709.4855,9.87733333333333,9.14425,10.3712,10.8474285714286,5.1856,4.0744,4.63,5.86466666666667,4,3,3,3,15.5555555555556,13.8888888888889,18.8888888888889,13.8888888888889,25.5555555555556,25.5555555555556,25,27.2222222222222,7515,6406,6707,2025-08-18,7696,3.4,3.6,21.5,19.5,NA,3.1,65.65,67.6521739130435,58.1666666666667,67.5,46.8,34.3157894736842,25,37.3636363636364,29.75,7
138,2025-08-15,565.443756521739,590.4738,477.4184,821.5884,27.0392,22.57125,27.78,14.5310769230769,14.816,13.89,16.0506666666667,9.87733333333333,84,95,84,95,17.7777777777778,17.7777777777778,20,17.7777777777778,23.8888888888889,23.8888888888889,23.3333333333333,24.4444444444444,15289,13328,13263,2025-08-15,11939,3.5,2.7,21.9,21.5,NA,1.8,84.1904761904762,86.8421052631579,83.8333333333333,80.15,88.1428571428571,86.5882352941177,89.8,72.1818181818182,29.875,4
137,2025-08-14,963.9554,879.7417,831.7992,660.1841,12.964,19.0898461538462,17.2853333333333,29.1269090909091,8.20171428571429,11.6411428571429,7.408,13.6585,35,69,35,95,16.6666666666667,17.7777777777778,20.5555555555556,17.7777777777778,26.6666666666667,26.6666666666667,26.1111111111111,23.8888888888889,12497,16794,14378,2025-08-14,19229,8.7,6,19.4,23.8,NA,3.4,66.5294117647059,73.1904761904762,61.4,84.2857142857143,69.304347826087,69.75,74.8333333333333,88.7272727272727,36.375,7
136,2025-08-13,768.5532,889.4191,806.7548,844.4611,13.8412631578947,15.0012,21.298,14.5073333333333,10.3996923076923,10.186,12.038,6.482,4,4,2,46,17.7777777777778,16.6666666666667,20,16.6666666666667,30,30,27.7777777777778,26.1111111111111,10638,13342,17182,2025-08-13,12251,7.7,8.9,31.4,43,NA,5.9,62.5416666666667,67.3181818181818,63.8333333333333,68.8571428571429,10.65,31.2631578947368,23,53.4166666666667,63.875,12
135,2025-08-12,704.523428571429,759.436909090909,613.2576,867.225272727273,9.56866666666667,11.112,17.594,13.6585,5.556,6.61428571428571,7.408,9.0285,0,-Inf,-Inf,5,20.5555555555556,18.3333333333333,26.6666666666667,18.3333333333333,36.6666666666667,36.6666666666667,35.5555555555556,28.3333333333333,6741,8439,10790,2025-08-12,11845,6.2,6.4,27.4,35.5,NA,5.3,54.1818181818182,56.7272727272727,44.8,63.4347826086956,2.72222222222222,3.93333333333333,2.8,10,56,14
134,2025-08-11,520.850191304348,522.3764,446.9892,692.1373,12.8550588235294,11.112,15.742,13.31125,6.482,6.482,6.482,7.408,-Inf,-Inf,-Inf,-Inf,19.4444444444444,20,27.2222222222222,20,36.6666666666667,36.6666666666667,36.1111111111111,36.1111111111111,6696,5805,7037,2025-08-11,9213,5.3,6.2,27.5,31.3,NA,3.5,50.3181818181818,51.0454545454545,44.8333333333333,51.1818181818182,3.11111111111111,3.53333333333333,3,4,51.5,9
133,2025-08-10,464.693,474.5482,385.4704,499.3132,19.2825882352941,17.1824444444444,25.002,12.5741052631579,10.8270769230769,10.4385454545455,11.112,6.34971428571429,-Inf,-Inf,-Inf,-Inf,17.2222222222222,19.4444444444444,26.6666666666667,19.4444444444444,35.5555555555556,35.5555555555556,35,35.5555555555556,8960,8154,9638,2025-08-10,6278,4.4,4.5,22.9,26,NA,2.4,52.8260869565217,50,44.5,50.1304347826087,5.25,3.52941176470588,2.8,3.55555555555556,39.875,7
132,2025-08-09,590.132556521739,562.991,561.6448,483.1461,16.78375,17.7997777777778,23.15,18.7257777777778,8.43688888888889,9.46577777777778,10.186,9.9545,2,2,1,0,13.8888888888889,16.6666666666667,22.7777777777778,16.6666666666667,29.4444444444444,29.4444444444444,28.8888888888889,35.5555555555556,9905,10021,13002,2025-08-09,9047,3.7,4.5,19,23.5,NA,3.5,60.3809523809524,60.0454545454545,55.8333333333333,54.2727272727273,19.3333333333333,9.3125,8.5,6.27272727272727,38.25,5
131,2025-08-08,637.510971428571,630.215563636364,537.464,635.785090909091,14.2461538461538,13.5087058823529,19.909,16.2270476190476,6.482,7.0376,NA,8.797,1,2,1,2,12.2222222222222,13.8888888888889,19.4444444444444,13.8888888888889,27.2222222222222,27.2222222222222,26.6666666666667,29.4444444444444,9082,8513,10700,2025-08-08,10317,3,3.2,16,16.7,NA,2.8,68.4347826086957,64.75,55.3333333333333,63.9130434782609,15.1818181818182,19.1052631578947,16.1666666666667,28.9166666666667,27.125,6
127,2025-08-07,857.958991304348,815.77732173913,709.4728,637.588591304348,15.2433846153846,13.1064615384615,18.52,13.89,7.67257142857143,7.408,8.334,6.6672,24,1,-Inf,-Inf,14.4444444444444,12.2222222222222,17.2222222222222,12.2222222222222,23.3333333333333,23.3333333333333,22.7777777777778,27.2222222222222,13078,10692,13139,2025-08-07,8856,5.3,3.3,12.8,12.3,NA,3.7,75.2727272727273,74.8260869565217,61.8333333333333,71.0416666666667,38.875,18.3,13.5,18.75,18.875,5
119,2025-08-06,443.5094,520.1539,442.5696,896.8613,19.6775,16.668,14.816,13.1697777777778,9.26,8.02533333333333,5.556,8.5192,77,64,52,28,16.6666666666667,14.4444444444444,18.8888888888889,14.4444444444444,21.6666666666667,21.6666666666667,21.1111111111111,23.3333333333333,8727,8670,6557,2025-08-06,11811,7,6.8,-21.5,24.2,NA,3.5,86.9166666666667,89.0869565217391,85.8333333333333,76.5714285714286,81.4761904761905,69.0588235294118,61.8333333333333,48.4,34.5,7
118,2025-08-05,755.3325,753.2243,699.008,539.5468,9.9545,15.4333333333333,11.8528,17.70975,5.556,8.334,5.556,8.334,10,62,10,67,13.8888888888889,16.6666666666667,20.5555555555556,16.6666666666667,26.6666666666667,26.6666666666667,26.1111111111111,22.2222222222222,7519,11625,8285,2025-08-05,9555,3.9,5.4,22.6,25.6,NA,2.6,67.1428571428571,68.4,53.6,84,46.5,63.35,53.1666666666667,86.3333333333333,35.625,8
117,2025-08-04,821.6011,826.201963636364,758.8504,787.852581818182,11.6170909090909,10.0316666666667,15.279,9.39228571428571,6.73454545454545,6.34971428571429,6.482,5.1856,2,2,1,17,13.3333333333333,13.3333333333333,17.7777777777778,13.3333333333333,23.3333333333333,23.3333333333333,22.7777777777778,25,9545,8288,11594,2025-08-04,7400,3.5,4,20.3,21.2,NA,1,70,71.7391304347826,62.4,68.8695652173913,54.2916666666667,41.2,30.8333333333333,53.4166666666667,25.625,5
116,2025-08-03,747.7887,779.7546,733.4504,818.8071,13.2489230769231,11.6818461538462,17.594,10.9695384615385,8.46628571428571,7.408,9.26,6.61428571428571,3,3,-Inf,2,13.3333333333333,12.2222222222222,17.2222222222222,12.2222222222222,23.8888888888889,23.8888888888889,23.3333333333333,23.8888888888889,9907,9109,12904,2025-08-03,8982,2.1,2.6,14.7,15.9,NA,1.4,67.7727272727273,68.6818181818182,58,69.9545454545455,55.0476190476191,55.1176470588235,40.6666666666667,50.5,23.875,3
115,2025-08-02,723.706036363636,759.575454545455,737.12832,815.631547826087,13.427,12.6371764705882,20.372,13.4513684210526,7.61377777777778,8.334,9.26,8.334,0,-Inf,-Inf,2,15,13.3333333333333,18.8888888888889,13.3333333333333,27.2222222222222,27.2222222222222,26.6666666666667,24.4444444444444,9717,9599,15017,2025-08-02,10971,2.9,2.5,16.1,19.3,NA,2.8,69.1739130434783,67.4782608695652,55.4,67.3478260869565,16.2,27.3529411764706,9.75,49.8333333333333,30.75,4
114,2025-08-01,655.193,706.041490909091,636.2192,606.007714285714,12.3941538461538,13.2726666666667,18.52,12.2232,7.408,7.6395,9.26,8.334,3,1,-Inf,1,15.5555555555556,15,21.1111111111111,15,29.4444444444444,29.4444444444444,28.8888888888889,27.7777777777778,8121,9371,11783,2025-08-01,7407,3.9,2.6,14.3,18.9,NA,3.6,65.304347826087,64.8181818181818,51.1666666666667,66.0869565217391,36.4736842105263,12.7333333333333,3.66666666666667,17.0833333333333,28.75,7
113,2025-07-31,664.214618181818,660.3619,593.4964,708.1647,11.5393846153846,11.6058666666667,18.057,12.964,6.482,6.79066666666667,7.408,7.71666666666667,7,6,-Inf,5,16.1111111111111,15.5555555555556,21.1111111111111,15.5555555555556,27.7777777777778,27.7777777777778,27.2222222222222,28.8888888888889,7665,7664,10717,2025-07-31,9181,4.7,4.8,23.8,30.7,NA,3.2,64.5217391304348,63.6521739130435,53.6666666666667,63.0476190476191,55.5833333333333,50.1,56.6666666666667,28,49.125,5
112,2025-07-30,584.185485714286,564.5785,489.5596,595.5665,15.6578181818182,12.3466666666667,18.52,10.0225882352941,7.408,7.408,8.334,6.482,9,18,9,18,16.1111111111111,16.6666666666667,22.7777777777778,16.6666666666667,31.1111111111111,31.1111111111111,30.5555555555556,26.6666666666667,9147,6971,9067,2025-07-30,5969,3.9,4.5,26.1,31,NA,2.3,58.3809523809524,61,51.2,66.2727272727273,35.2608695652174,44.95,42.8333333333333,63.6666666666667,50.5,6
111,2025-07-29,530.3393,587.6544,517.7536,586.594226086956,14.4891764705882,13.5196,20.835,12.7788,8.334,8.64266666666667,9.26,7.67257142857143,4,4,4,13,14.4444444444444,16.6666666666667,22.7777777777778,16.6666666666667,31.6666666666667,31.6666666666667,30.5555555555556,31.1111111111111,7684,7945,10787,2025-07-29,7496,4.6,4.4,23.9,28.6,NA,2.6,57.5217391304348,57.4347826086956,47.3333333333333,59.695652173913,5,17.4117647058824,8.66666666666667,37.4545454545455,44.75,5
92,2025-07-28,649.237252173913,639.3307,617.728,583.6793,10.7151428571429,12.038,15.742,14.816,6.6672,6.79066666666667,7.408,7.93714285714286,1,1,0,6,13.3333333333333,15,21.1111111111111,15,30,30,29.4444444444444,31.1111111111111,6957,7696,9724,2025-07-28,8648,4.8,5,21.2,22.8,NA,2.7,58,58.9583333333333,48.6666666666667,60.6086956521739,5.25,3.8125,1.83333333333333,7.41666666666667,33,4
91,2025-07-26,775.1318,787.654,790.3464,759.2441,11.112,9.83875,16.668,7.91309090909091,6.945,6.482,7.408,5.86466666666667,2,2,2,2,13.3333333333333,13.3333333333333,18.3333333333333,13.3333333333333,26.1111111111111,26.1111111111111,25.5555555555556,27.2222222222222,8613,7750,13173,2025-07-26,6008,5,3.5,21.9,27,NA,2.1,61.304347826087,61.7826086956522,53.3333333333333,62.9090909090909,31.7916666666667,33.6315789473684,28.8333333333333,31.1818181818182,40,3
90,2025-07-25,731.8121,780.8341,765.6576,832.1294,11.112,10.4175,15.5568,10.8650666666667,6.482,6.482,7.408,6.482,1,0,-Inf,0,13.8888888888889,13.3333333333333,18.3333333333333,13.3333333333333,25.5555555555556,25.5555555555556,24.4444444444444,25,8132,8134,11911,2025-07-25,9041,4.6,5,23.5,-60.2,NA,3.4,65,66.0833333333333,56,67.6521739130435,33.2916666666667,40.9473684210526,28.3333333333333,50.2,38.75,4
89,2025-07-24,690.6133,747.303339130435,660.146,789.538017391304,11.3435,11.8528,17.594,12.6994285714286,6.2968,6.482,NA,6.482,0,1,-Inf,1,15.5555555555556,13.3333333333333,20,13.3333333333333,30.5555555555556,30.5555555555556,29.4444444444444,25.5555555555556,7834,8858,11615,2025-07-24,10027,4.4,4.8,21.9,27.1,NA,3.2,61.5217391304348,63.9545454545455,53.1666666666667,67.2608695652174,17.0869565217391,13,4.83333333333333,21.3636363636364,44.75,6
86,2025-07-23,675.277773913043,731.700109090909,743.77296,736.847373913043,12.038,11.2663333333333,17.131,12.8317142857143,6.482,6.482,7.408,6.482,1,1,1,1,15.5555555555556,15.5555555555556,22.2222222222222,15.5555555555556,31.6666666666667,31.6666666666667,31.6666666666667,29.4444444444444,8129,8244,12742,2025-07-23,9455,5.6,5.1,22.1,27.5,NA,2.9,66.5,64.8636363636364,52.2,64.8333333333333,4.77272727272727,4.21739130434783,2.6,6.53333333333333,41.75,5
85,2025-07-22,679.067895652174,678.720327272727,707.07504,705.0024,12.964,11.9538181818182,16.205,14.353,6.34971428571429,6.482,6.482,6.2968,2,2,-Inf,1,14.4444444444444,15.5555555555556,21.6666666666667,15.5555555555556,29.4444444444444,29.4444444444444,29.4444444444444,32.2222222222222,8803,8113,11458,2025-07-22,10119,NA,4.5,25.7,29.8,NA,3,70.8181818181818,68.6363636363636,59.25,63.0833333333333,12.047619047619,3.66666666666667,2.2,4.42857142857143,41.625,4
84,2025-07-21,818.9976,808.886191304348,737.5144,715.047547826087,9.75386666666667,9.12771428571429,14.816,9.68738461538462,5.556,5.556,5.556,6.482,39,7,3,0,15,14.4444444444444,19.4444444444444,14.4444444444444,25.5555555555556,25.5555555555556,25,29.4444444444444,7988,7383,10927,2025-07-21,6927,4.7,NA,-67.9,-64.7,NA,3.4,69.4545454545455,69.4090909090909,58.6666666666667,64.9565217391304,50.1666666666667,25,28.3333333333333,16.5,32.625,10
83,2025-07-20,679.955791304348,686.58187826087,642.15264,898.7409,11.8243076923077,10.9797142857143,14.4456,11.8528,6.482,5.86466666666667,6.482,6.17333333333333,8,9,8,9,13.8888888888889,15,18.8888888888889,15,23.8888888888889,23.8888888888889,23.3333333333333,27.7777777777778,8040,7538,9276,2025-07-20,10653,5,4.5,29.6,31.6,NA,1.5,65.8,68.85,59.2,64.9130434782609,80.75,69.25,88.6,44.7333333333333,43.5,2
82,2025-07-19,888.5301,835.7489,869.2388,668.0962,12.0997333333333,12.15375,19.446,10.4505714285714,7.408,7.408,10.186,5.9264,1,2,-Inf,4,13.8888888888889,13.8888888888889,17.7777777777778,13.8888888888889,25.5555555555556,25.5555555555556,24.4444444444444,23.8888888888889,10751,10157,16903,2025-07-19,6982,8.8,7.7,-19.8,-13.7,NA,3.7,61.3181818181818,60.7272727272727,52,61.1818181818182,26.375,42.375,23,69.8,43.375,7
81,2025-07-18,795.444872727273,850.935339130435,721.4616,881.759895652174,13.5813333333333,16.205,20.835,15.5876666666667,9.59672727272727,9.26,10.186,7.408,4,4,4,2,16.1111111111111,13.3333333333333,18.8888888888889,13.3333333333333,30,30,28.3333333333333,26.6666666666667,10803,13789,15032,2025-07-18,13745,7.3,8.7,29.1,35.2,NA,3.2,58.695652173913,58.3333333333333,50.8,58.3636363636364,15.7,23.952380952381,17.5,22.0666666666667,56.375,9
80,2025-07-17,711.204417391304,686.689,678.7388,772.1727,10.2701818181818,10.7416,13.7048,15.6802666666667,5.24733333333333,5.556,4.63,10.3712,0,-Inf,-Inf,-Inf,15.5555555555556,16.1111111111111,22.7777777777778,16.1111111111111,31.6666666666667,31.6666666666667,31.1111111111111,29.4444444444444,7304,7376,9302,2025-07-17,12108,6.1,5.8,36.2,42.8,NA,3.7,50.0476190476191,54.2272727272727,44.6,56.1304347826087,3.27777777777778,3.28571428571429,3.5,15,58.875,5
79,2025-07-16,836.953090909091,856.598836363636,794.97936,714.000626086957,16.2564444444444,13.0874666666667,16.9766666666667,11.112,8.95133333333333,6.2968,7.408,5.556,0,-Inf,-Inf,-Inf,19.4444444444444,16.1111111111111,25,16.1111111111111,36.1111111111111,36.1111111111111,35.5555555555556,32.2222222222222,13606,11211,13496,2025-07-16,7934,4.8,6.1,29.2,31.1,NA,3.8,36,44.2857142857143,34.1666666666667,48.0454545454545,3.5,3.17647058823529,3.4,3.36363636363636,46,9
78,2025-07-15,808.2407,829.162017391304,667.004,846.681391304348,18.2730666666667,22.1005333333333,20.372,17.24675,9.26,10.2701818181818,10.186,8.334,0,-Inf,-Inf,-Inf,13.8888888888889,19.4444444444444,26.1111111111111,19.4444444444444,34.4444444444444,34.4444444444444,33.3333333333333,35.5555555555556,14769,18325,13588,2025-07-15,14603,2.6,3,-22.7,23.3,NA,2.4,54.2272727272727,41.9130434782609,38.2,38.5416666666667,7.26315789473684,3.83333333333333,3.25,4.53333333333333,37.75,6
77,2025-07-13,746.827733333333,693.0771,595.9348,754.6086,22.4709333333333,20.6988235294118,25.002,16.0506666666667,12.5936,12.964,14.1986666666667,10.5828571428571,1,1,-Inf,0,17.7777777777778,17.7777777777778,24.4444444444444,17.7777777777778,34.4444444444444,34.4444444444444,33.3333333333333,27.2222222222222,16782,14346,14900,2025-07-13,12112,3.8,4,19.3,23.2,NA,1.7,51.6,57.0526315789474,48,58.4761904761905,3.5,9.07142857142857,3.25,13.1,33.125,5
72,2025-07-11,685.843542857143,645.1727,607.8728,650.0749,19.446,19.6517777777778,25.1872,16.668,10.4946666666667,10.3403333333333,12.964,9.0748,0,-Inf,-Inf,-Inf,15,16.6666666666667,22.7777777777778,16.6666666666667,31.1111111111111,31.1111111111111,30.5555555555556,31.1111111111111,13337,12679,15311,2025-07-11,10835,2.4,2.3,-23.8,19.6,NA,1.8,NA,NA,NA,NA,NA,NA,NA,NA,NA,NA
71,2025-07-10,833.8312,751.6368,762.6096,716.1784,13.427,14.6102222222222,20.7424,18.1084444444444,7.408,8.46628571428571,9.26,10.649,2,1,0,-Inf,16.1111111111111,15,19.4444444444444,15,25.5555555555556,25.5555555555556,25.5555555555556,31.1111111111111,11196,10982,15818,2025-07-10,12969,3.5,2.9,14.8,15.5,NA,2.3,NA,NA,NA,NA,NA,NA,NA,NA,NA,NA
70,2025-07-09,1014.24105,772.0711,726.9988,730.0595,13.6374545454545,12.0997333333333,17.594,12.0997333333333,7.6395,7.408,8.334,7.408,6,6,3,2,16.6666666666667,16.1111111111111,19.4444444444444,16.1111111111111,26.1111111111111,26.1111111111111,22.7777777777778,26.1111111111111,13832,9342,12791,2025-07-09,8834,5,4.2,22.9,32,NA,3.7,NA,NA,NA,NA,NA,NA,NA,NA,NA,NA
69,2025-07-07,590.463860869565,575.859965217391,581.2536,689.802156521739,13.7048,13.7577142857143,18.52,15.2275555555556,9.11753846153846,9.67155555555556,10.186,8.73085714285714,0,-Inf,-Inf,1,15,15.5555555555556,21.6666666666667,15.5555555555556,32.7777777777778,32.7777777777778,32.2222222222222,31.6666666666667,8092,7923,10765,2025-07-07,10504,3.8,3.9,27.7,31.6,NA,1.5,NA,NA,NA,NA,NA,NA,NA,NA,NA,NA
62,2025-07-03,756.500347826087,730.2373,664.0576,838.327,15.16325,14.46875,19.6312,12.4701333333333,8.334,8.5655,10.186,7.408,1,2,1,2,12.7777777777778,12.2222222222222,17.2222222222222,12.2222222222222,25,25,24.4444444444444,23.8888888888889,11471,10566,13036,2025-07-03,10454,2.7,1.9,16.5,16.5,NA,NA,NA,NA,NA,NA,NA,NA,NA,NA,NA,NA
61,2025-07-02,843.773485714286,795.1343,672.4396,841.6544,14.816,14.9188888888889,19.7546666666667,14.5981176470588,9.8156,9.42836363636364,11.112,7.67257142857143,1,1,-Inf,0,14.4444444444444,12.7777777777778,17.7777777777778,12.7777777777778,26.1111111111111,26.1111111111111,24.4444444444444,25,12501,11863,13284,2025-07-02,12287,5.3,4,20.8,NA,NA,NA,NA,NA,NA,NA,NA,NA,NA,NA,NA,NA
60,2025-07-01,645.885054545455,649.7701,555.8028,788.5811,17.5227692307692,14.9394666666667,20.372,13.0874666666667,11.112,10.7752727272727,12.3466666666667,9.26,0,-Inf,-Inf,2,16.6666666666667,13.8888888888889,20.5555555555556,13.8888888888889,31.1111111111111,31.1111111111111,30,25.5555555555556,11318,9707,11323,2025-07-01,10321,5.7,6.6,35,NA,NA,NA,NA,NA,NA,NA,NA,NA,NA,NA,NA,NA
58,2025-06-30,606.712421052632,592.199895652174,504.1392,641.9469,20.1541176470588,20.48775,25.1872,18.3775384615385,11.2972,10.9436363636364,11.7293333333333,10.186,0,-Inf,-Inf,1,16.6666666666667,16.6666666666667,23.8888888888889,16.6666666666667,33.8888888888889,33.8888888888889,32.7777777777778,30.5555555555556,12228,12133,12698,2025-06-30,11797,4.2,4.9,29.8,NA,NA,NA,NA,NA,NA,NA,NA,NA,NA,NA,NA,NA
57,2025-06-29,524.613808695652,519.909286956522,385.5212,549.276104347826,18.1496,18.6624615384615,24.076,19.1736470588235,10.1147692307692,11.5235555555556,12.3466666666667,10.8474285714286,0,-Inf,-Inf,1,13.3333333333333,16.6666666666667,23.3333333333333,16.6666666666667,31.1111111111111,31.1111111111111,31.1111111111111,32.2222222222222,9522,9703,9282,2025-06-29,10532,3.9,3.2,22.9,NA,NA,NA,NA,NA,NA,NA,NA,NA,NA,NA,NA,NA
56,2025-06-28,779.533257142857,661.256973913043,564.0324,525.011373913043,12.6272727272727,13.9517333333333,19.446,17.6968888888889,7.71666666666667,7.81955555555556,9.26,9.4452,1,1,-Inf,0,14.4444444444444,13.3333333333333,18.3333333333333,13.3333333333333,25,25,25,30.5555555555556,9843,9226,10968,2025-06-28,9291,3,3.5,18.1,NA,NA,NA,NA,NA,NA,NA,NA,NA,NA,NA,NA,NA
55,2025-06-26,734.789672727273,683.006,484.5304,759.7521,9.87733333333333,9.97230769230769,12.964,8.84844444444444,6.482,5.29142857142857,6.482,4.63,20,13,9,5,14.4444444444444,13.3333333333333,16.1111111111111,13.3333333333333,21.1111111111111,21.1111111111111,20.5555555555556,22.7777777777778,7258,6811,6281,2025-06-26,6723,6.2,6,21.6,NA,NA,NA,NA,NA,NA,NA,NA,NA,NA,NA,NA,NA
54,2025-06-25,636.011582608696,650.6845,468.0712,734.7712,8.44975,8.1488,10.0008,8.95133333333333,5.556,5.556,5.556,6.6672,9,18,6,18,13.8888888888889,14.4444444444444,17.7777777777778,14.4444444444444,22.2222222222222,22.2222222222222,20.5555555555556,21.6666666666667,5374,5302,4681,2025-06-25,6577,6.4,6.7,25.2,NA,NA,NA,NA,NA,NA,NA,NA,NA,NA,NA,NA,NA
53,2025-06-24,700.333418181818,694.0169,485.6988,643.9027,9.56866666666667,10.0316666666667,14.1986666666667,8.8896,5.556,6.79066666666667,7.408,5.556,3,3,3,9,13.8888888888889,13.8888888888889,18.8888888888889,13.8888888888889,28.8888888888889,28.8888888888889,27.2222222222222,23.3333333333333,6701,6962,6896,2025-06-24,5724,4.4,5.7,-22.8,NA,NA,NA,NA,NA,NA,NA,NA,NA,NA,NA,NA,NA
50,2025-06-23,561.801818181818,542.4805,461.6196,628.5738,9.10566666666667,10.4946666666667,14.816,10.76475,5.24733333333333,5.24733333333333,4.93866666666667,6.2968,2,3,2,5,11.6666666666667,13.3333333333333,19.4444444444444,13.3333333333333,26.6666666666667,26.6666666666667,26.1111111111111,27.2222222222222,5116,5693,6839,2025-06-23,6766,2.4,3.8,20.6,NA,NA,NA,NA,NA,NA,NA,NA,NA,NA,NA,NA,NA
49,2025-06-22,774.3444,627.597054545455,573.08496,542.133182608696,8.43688888888889,7.871,8.64266666666667,9.723,4.32133333333333,4.63,3.704,5.556,12,11,1,1,12.2222222222222,12.2222222222222,16.6666666666667,12.2222222222222,21.6666666666667,21.6666666666667,21.1111111111111,26.6666666666667,6533,4940,4953,2025-06-22,5271,3.2,2.1,17.9,NA,NA,NA,NA,NA,NA,NA,NA,NA,NA,NA,NA,NA
47,2025-06-21,441.762776470588,428.909018181818,382.8796,667.7787,22.224,15.5105,20.372,9.60725,12.1408888888889,8.797,9.26,4.63,100,83,81,28,9.44444444444444,12.2222222222222,13.3333333333333,12.2222222222222,14.4444444444444,15.5555555555556,13.8888888888889,22.2222222222222,9818,6653,7800,2025-06-21,6416,3,3.3,22.8,NA,NA,NA,NA,NA,NA,NA,NA,NA,NA,NA,NA,NA
46,2025-06-20,668.963428571429,528.430434782609,437.9468,405.21172173913,17.9026666666667,21.1345882352941,18.52,23.1987368421053,8.7044,9.9545,6.482,10.8805,92,96,83,96,10.5555555555556,9.44444444444444,12.7777777777778,9.44444444444444,15.5555555555556,15.5555555555556,13.8888888888889,14.4444444444444,11976,11168,8111,2025-06-20,9400,2,2.3,28,NA,NA,NA,NA,NA,NA,NA,NA,NA,NA,NA,NA,NA
45,2025-06-19,1117.9556,934.8724,871.982,609.346,15.5568,17.47825,20.372,18.9557647058824,9.59672727272727,10.2701818181818,12.964,9.6304,1,95,1,95,9.44444444444444,10,14.4444444444444,10,22.2222222222222,22.2222222222222,20.5555555555556,15,17392,16340,17764,2025-06-19,11551,3.2,2.1,21.9,NA,NA,NA,NA,NA,NA,NA,NA,NA,NA,NA,NA,NA
43,2025-06-18,1061.09008,802.259,668.0708,907.4658,16.9325714285714,13.0962857142857,17.2853333333333,12.8215384615385,9.26,7.408,9.26,8.02533333333333,25,21,-Inf,4,14.4444444444444,9.44444444444444,14.4444444444444,9.44444444444444,22.2222222222222,22.2222222222222,21.6666666666667,22.2222222222222,17967,10507,11548,2025-06-18,11635,-70.8,4.5,NA,NA,NA,NA,NA,NA,NA,NA,NA,NA,NA,NA,NA,NA
42,2025-05-28,669.164336842105,599.860254545454,538.21584,486.977634782609,12.2905454545455,14.4456,13.427,12.964,8.84844444444444,8.334,8.334,6.482,5,44,5,44,14.4444444444444,12.7777777777778,18.3333333333333,12.7777777777778,30.5555555555556,30.5555555555556,28.8888888888889,21.1111111111111,8224,8665,7227,2025-05-28,6313,3.5,4.6,NA,NA,NA,NA,NA,NA,NA,NA,NA,NA,NA,NA,NA,NA
39,2025-05-23,1021.1816,758.081142857143,520.3952,640.529942857143,9.09163636363636,8.3884705882353,12.038,7.75525,5.556,4.63,3.704,3.704,0,1,-Inf,1,11.6666666666667,8.88888888888889,13.3333333333333,8.88888888888889,21.6666666666667,21.6666666666667,18.8888888888889,26.1111111111111,9284,6359,6265,2025-05-23,4967,-53.2,-58.8,NA,NA,NA,NA,NA,NA,NA,NA,NA,NA,NA,NA,NA,NA
38,2025-05-15,755.785466666667,574.11067826087,409.8036,493.431443478261,9.8156,11.3177777777778,11.112,8.84844444444444,5.02685714285714,6.2968,4.63,6.482,81,81,59,66,7.77777777777778,9.44444444444444,10.5555555555556,9.44444444444444,13.8888888888889,13.8888888888889,12.2222222222222,16.6666666666667,7418,6498,4554,2025-05-15,4366,5,4.7,NA,NA,NA,NA,NA,NA,NA,NA,NA,NA,NA,NA,NA,NA
35,2025-05-14,906.75968,717.008869565217,528.09648,641.7183,15.279,10.9695384615385,14.816,7.9636,9.76509090909091,8.64266666666667,8.334,5.556,28,21,0,45,9.44444444444444,7.77777777777778,10.5555555555556,7.77777777777778,17.2222222222222,17.2222222222222,16.1111111111111,15,13854,7865,7824,2025-05-14,5110,2.6,3.8,NA,NA,NA,NA,NA,NA,NA,NA,NA,NA,NA,NA,NA,NA
33,2025-01-15,245.246769230769,234.631831578947,156.3624,227.036243478261,12.038,8.41818181818182,10.4946666666667,6.482,6.73454545454545,4.63,2.778,3.704,1,3,1,3,1.66666666666667,1.66666666666667,1.66666666666667,1.66666666666667,4.44444444444444,4.44444444444444,2.77777777777778,5.55555555555556,2952,1975,1641,2025-01-15,1472,13.2,15.5,NA,NA,NA,NA,NA,NA,NA,NA,NA,NA,NA,NA,NA,NA
32,2025-01-14,255.7272,256.227942857143,160.3248,245.293661538462,8.334,11.112,9.26,11.6170909090909,5.556,9.26,7.408,9.26,2,1,-Inf,0,1.66666666666667,1.66666666666667,2.22222222222222,1.66666666666667,5,5,3.33333333333333,4.44444444444444,2131,2847,1485,2025-01-14,2850,8.3,11.6,NA,NA,NA,NA,NA,NA,NA,NA,NA,NA,NA,NA,NA,NA
31,2025-01-13,222.432282352941,239.5728,164.2872,218.056690909091,8.02533333333333,8.1025,6.482,7.408,2.778,2.778,1.852,4.32133333333333,2,4,2,4,0.555555555555556,0.555555555555556,2.22222222222222,0.555555555555556,6.11111111111111,6.11111111111111,4.44444444444444,6.66666666666667,1785,1941,1065,2025-01-13,1615,6,6.6,NA,NA,NA,NA,NA,NA,NA,NA,NA,NA,NA,NA,NA,NA
30,2025-01-12,388.8994,298.3992,184.2516,218.914133333333,9.56866666666667,8.334,10.186,7.57636363636364,5.14444444444444,4.01266666666667,4.63,4.32133333333333,18,18,0,-Inf,2.77777777777778,0.555555555555556,2.77777777777778,0.555555555555556,7.22222222222222,7.22222222222222,5.55555555555556,6.11111111111111,3721,2487,1877,2025-01-12,1659,5.2,5.1,NA,NA,NA,NA,NA,NA,NA,NA,NA,NA,NA,NA,NA,NA
28,2025-01-11,320.627828571429,302.506742857143,168.5544,284.3276,11.6818461538462,10.649,9.26,9.0748,7.91309090909091,7.20222222222222,6.482,4.63,24,19,19,19,5,4.44444444444444,5.55555555555556,2.77777777777778,7.77777777777778,7.77777777777778,6.11111111111111,6.66666666666667,3746,3221,1561,2025-01-11,2580,10.9,7.5,NA,NA,NA,NA,NA,NA,NA,NA,NA,NA,NA,NA,NA,NA
26,2025-01-10,310.5658,307.636984615385,176.4792,315.6966,15.5283076923077,14.5690666666667,12.964,12.4589090909091,6.6672,8.334,7.408,6.79066666666667,99,36,17,34,3.33333333333333,4.44444444444444,5.55555555555556,4.44444444444444,8.88888888888889,8.88888888888889,6.66666666666667,7.22222222222222,4823,4482,2288,2025-01-10,3933,7.9,8.9,NA,NA,NA,NA,NA,NA,NA,NA,NA,NA,NA,NA,NA,NA
25,2025-01-09,209.718442105263,213.495466666667,168.402,284.63748,22.7178666666667,16.668,17.594,13.9612307692308,10.186,8.1025,8.334,6.2968,3,100,3,100,3.33333333333333,3.33333333333333,4.44444444444444,3.33333333333333,10,10,6.66666666666667,8.33333333333333,4764,3559,2963,2025-01-09,3974,8.5,7.9,NA,NA,NA,NA,NA,NA,NA,NA,NA,NA,NA,NA,NA,NA
24,2025-01-08,199.737784615385,216.577333333333,156.3624,222.448581818182,8.26276923076923,15.4642,9.26,21.5703529411765,4.63,7.408,5.556,8.8896,3,1,1,6,3.33333333333333,3.33333333333333,4.44444444444444,3.33333333333333,10,10,7.77777777777778,8.88888888888889,1650,3349,1448,2025-01-08,4798,6.1,8.1,NA,NA,NA,NA,NA,NA,NA,NA,NA,NA,NA,NA,NA,NA
23,2025-01-07,221.1832,192.089314285714,168.4528,180.4924,20.372,9.87733333333333,15.4333333333333,8.1025,9.56866666666667,7.408,6.482,4.63,4,5,4,5,3.33333333333333,3.88888888888889,3.88888888888889,3.88888888888889,8.88888888888889,8.88888888888889,6.66666666666667,8.88888888888889,4506,1897,2600,2025-01-07,1462,4.5,5.9,NA,NA,NA,NA,NA,NA,NA,NA,NA,NA,NA,NA,NA,NA
22,2025-01-06,245.00205,250.224757894737,172.5168,223.365391304348,20.372,22.687,NA,20.6569230769231,9.26,11.112,NA,8.64266666666667,6,-Inf,-Inf,4,3.88888888888889,2.77777777777778,3.88888888888889,2.77777777777778,10,10,5.55555555555556,7.22222222222222,4991,5677,NA,2025-01-06,4614,2.1,4.3,NA,NA,NA,NA,NA,NA,NA,NA,NA,NA,NA,NA,NA,NA
21,2025-01-05,287.964282352941,257.843866666667,160.3248,238.433113043478,13.77425,12.3025714285714,9.26,16.4828,11.5235555555556,8.334,7.408,10.0008,85,85,85,56,8.33333333333333,6.11111111111111,8.88888888888889,5,11.1111111111111,11.1111111111111,9.44444444444444,10,3966,3172,1485,2025-01-05,3930,6.8,2.4,NA,NA,NA,NA,NA,NA,NA,NA,NA,NA,NA,NA,NA,NA
20,2025-01-04,287.964282352941,275.7932,219.1004,242.3033,23.0471111111111,24.2082857142857,29.632,19.33025,14.816,12.964,16.668,9.26,99,99,72,74,6.66666666666667,8.33333333333333,8.88888888888889,8.33333333333333,9.44444444444444,10,8.88888888888889,10.5555555555556,6637,6676,6492,2025-01-04,4684,3.3,6.7,NA,NA,NA,NA,NA,NA,NA,NA,NA,NA,NA,NA,NA,NA
15,2025-01-03,330.359657142857,313.148869565217,203.1492,299.154573913043,22.3562857142857,19.8428571428571,16.668,24.2938823529412,16.5590588235294,14.2868571428571,13.89,12.6553333333333,92,95,59,99,5.55555555555556,6.66666666666667,6.66666666666667,6.66666666666667,10.5555555555556,10.5555555555556,8.33333333333333,9.44444444444444,7386,6214,3386,2025-01-03,7268,4,3.8,NA,NA,NA,NA,NA,NA,NA,NA,NA,NA,NA,NA,NA,NA
13,2024-12-31,244.257094736842,266.0904,261.62,272.371930434783,10.186,13.1323636363636,12.964,14.1425454545455,5.1856,5.556,6.482,9.26,91,91,91,62,1.66666666666667,3.88888888888889,3.88888888888889,3.88888888888889,6.11111111111111,6.11111111111111,4.44444444444444,7.77777777777778,2488,3494,3392,2024-12-31,3852,3.1,7.5,NA,NA,NA,NA,NA,NA,NA,NA,NA,NA,NA,NA,NA,NA
12,2024-12-30,342.71712,302.433317647059,172.3644,252.0696,13.427,10.2888888888889,9.26,9.26,7.09933333333333,5.556,3.704,5.556,49,19,4,83,3.88888888888889,1.66666666666667,3.88888888888889,1.66666666666667,8.33333333333333,8.33333333333333,6.11111111111111,6.11111111111111,4602,3112,1596,2024-12-30,2334,6.5,3,NA,NA,NA,NA,NA,NA,NA,NA,NA,NA,NA,NA,NA,NA
10,2024-11-06,279.667854545455,279.612436363636,189.8396,243.1288,13.5813333333333,16.668,17.2853333333333,14.6308,8.02533333333333,8.334,6.482,4.63,11,1,0,1,5.55555555555556,5,7.77777777777778,5,13.3333333333333,13.3333333333333,10.5555555555556,13.8888888888889,3798,4661,3281,2024-11-06,3557,6.7,9,NA,NA,NA,NA,NA,NA,NA,NA,NA,NA,NA,NA,NA,NA
6,2024-04-08,430.613127272727,395.986,196.596,457.4286,15.9272,18.52,16.668,15.742,11.112,13.3007272727273,12.038,12.1702857142857,51,69,51,69,5,8.88888888888889,10,8.33333333333333,12.7777777777778,12.7777777777778,12.2222222222222,14.4444444444444,6858,7334,3277,2024-04-08,7201,4.5,4.1,NA,NA,NA,NA,NA,NA,NA,NA,NA,NA,NA,NA,NA,NA
3,2024-04-05,527.449773913043,566.1406,264.7696,424.1927,14.6837142857143,19.6312,15.5568,22.1358095238095,10.9062222222222,13.5813333333333,11.112,14.816,40,94,20,94,3.33333333333333,3.88888888888889,6.11111111111111,3.88888888888889,12.7777777777778,12.7777777777778,12.2222222222222,9.44444444444444,7745,11114,4119,2024-04-05,9390,3.4,5,NA,NA,NA,NA,NA,NA,NA,NA,NA,NA,NA,NA,NA,NA
2,2024-04-03,750.669391304348,641.6929,522.7828,620.9157,14.816,12.5366153846154,12.964,12.4084,12.964,10.3182857142857,NA,9.67155555555556,95,58,40,58,6.11111111111111,3.88888888888889,6.11111111111111,3.88888888888889,11.1111111111111,10.5555555555556,9.44444444444444,9.44444444444444,11122,8045,6777,2024-04-03,7705,9.3,6.8,NA,NA,NA,NA,NA,NA,NA,NA,NA,NA,NA,NA,NA,NA
1,NA,750.6693913,641.6929,522.7828,620.9157,14.816,12.53661538,12.964,12.4084,12.964,10.31828571,NA,9.671555556,95,58,40,58,6.111111111,3.888888889,6.111111111,3.888888889,11.11111111,10.55555556,9.444444444,9.444444444,11122,8045,6777,NA,7705,9.3,6.8,NA,NA,NA,NA,NA,NA,NA,NA,NA,NA,NA,NA,NA,NA
NA,2026-06-08,393.78255,437.2737,317.3476,748.5761,23.3636923076923,27.0976842105263,32.41,26.5453333333333,14.4792727272727,17.8076923076923,21.1128,17.1971428571429,72.875,65.1666666666667,55,38.9545454545455,13.6111111111111,13.75,NA,14.5679012345679,13.6111111111111,13.75,NA,14.5679012345679,9200,11849,10285,2026-06-08,19871,2.2,2.9,26.5,32.2,NA,NA,89.8333333333333,90.5625,90.3333333333333,78.3888888888889,92.9333333333333,85.695652173913,89.6666666666667,72.25,19.5,NA
NA,2026-06-08,393.78255,437.2737,317.3476,748.5761,23.3636923076923,27.0976842105263,32.41,26.5453333333333,14.4792727272727,17.8076923076923,21.1128,17.1971428571429,72.875,65.1666666666667,55,38.9545454545455,13.6111111111111,13.75,NA,14.5679012345679,13.6111111111111,13.75,NA,14.5679012345679,9200,11849,10285,2026-06-08,19871,2.2,2.9,26.5,32.2,NA,NA,89.8333333333333,90.5625,90.3333333333333,78.3888888888889,92.9333333333333,85.695652173913,89.6666666666667,72.25,19.5,NA
NA,2026-06-08,393.78255,437.2737,317.3476,748.5761,23.3636923076923,27.0976842105263,32.41,26.5453333333333,14.4792727272727,17.8076923076923,21.1128,17.1971428571429,72.875,65.1666666666667,55,38.9545454545455,13.6111111111111,13.75,NA,14.5679012345679,13.6111111111111,13.75,NA,14.5679012345679,9200,11849,10285,2026-06-08,19871,2.2,2.9,26.5,32.2,NA,NA,89.8333333333333,90.5625,90.3333333333333,78.3888888888889,92.9333333333333,85.695652173913,89.6666666666667,72.25,19.5,NA
NA,2026-06-08,393.78255,437.2737,317.3476,748.5761,23.3636923076923,27.0976842105263,32.41,26.5453333333333,14.4792727272727,17.8076923076923,21.1128,17.1971428571429,72.875,65.1666666666667,55,38.9545454545455,13.6111111111111,13.75,NA,14.5679012345679,13.6111111111111,13.75,NA,14.5679012345679,9200,11849,10285,2026-06-08,19871,2.2,2.9,26.5,32.2,NA,NA,89.8333333333333,90.5625,90.3333333333333,78.3888888888889,92.9333333333333,85.695652173913,89.6666666666667,72.25,19.5,NA
NA,2026-06-08,393.78255,437.2737,317.3476,748.5761,23.3636923076923,27.0976842105263,32.41,26.5453333333333,14.4792727272727,17.8076923076923,21.1128,17.1971428571429,72.875,65.1666666666667,55,38.9545454545455,13.6111111111111,13.75,NA,14.5679012345679,13.6111111111111,13.75,NA,14.5679012345679,9200,11849,10285,2026-06-08,19871,2.2,2.9,26.5,32.2,NA,NA,89.8333333333333,90.5625,90.3333333333333,78.3888888888889,92.9333333333333,85.695652173913,89.6666666666667,72.25,19.5,NA
NA,2026-06-08,393.78255,437.2737,317.3476,748.5761,23.3636923076923,27.0976842105263,32.41,26.5453333333333,14.4792727272727,17.8076923076923,21.1128,17.1971428571429,72.875,65.1666666666667,55,38.9545454545455,13.6111111111111,13.75,NA,14.5679012345679,13.6111111111111,13.75,NA,14.5679012345679,9200,11849,10285,2026-06-08,19871,NA,NA,NA,NA,NA,NA,89.8333333333333,90.5625,90.3333333333333,78.3888888888889,92.9333333333333,85.695652173913,89.6666666666667,72.25,-Inf,NA
NA,2026-06-08,405.60752,437.2737,317.3476,748.5761,24.2303333333333,27.0976842105263,32.41,26.5453333333333,14.4792727272727,17.8076923076923,21.1128,17.1971428571429,74.7333333333333,65.1666666666667,55,38.9545454545455,13.6111111111111,13.75,NA,14.5679012345679,13.6111111111111,13.75,NA,14.5679012345679,9828,11849,10285,2026-06-08,19871,2.2,2.9,26.5,32.2,NA,NA,90.6363636363636,90.5625,90.3333333333333,78.3888888888889,93.1428571428571,85.695652173913,89.6666666666667,72.25,19.5,NA
NA,2026-06-08,405.60752,437.2737,317.3476,748.5761,24.2303333333333,27.0976842105263,32.41,26.5453333333333,14.4792727272727,17.8076923076923,21.1128,17.1971428571429,74.7333333333333,65.1666666666667,55,38.9545454545455,13.6111111111111,13.75,NA,14.5679012345679,13.6111111111111,13.75,NA,14.5679012345679,9828,11849,10285,2026-06-08,19871,2.2,2.9,26.5,32.2,NA,NA,90.6363636363636,90.5625,90.3333333333333,78.3888888888889,93.1428571428571,85.695652173913,89.6666666666667,72.25,19.5,NA
NA,2026-06-08,405.60752,437.2737,317.3476,748.5761,24.2303333333333,27.0976842105263,32.41,26.5453333333333,14.4792727272727,17.8076923076923,21.1128,17.1971428571429,74.7333333333333,65.1666666666667,55,38.9545454545455,13.6111111111111,13.75,NA,14.5679012345679,13.6111111111111,13.75,NA,14.5679012345679,9828,11849,10285,2026-06-08,19871,2.2,2.9,26.5,32.2,NA,NA,90.6363636363636,90.5625,90.3333333333333,78.3888888888889,93.1428571428571,85.695652173913,89.6666666666667,72.25,29.7142857142857,NA
NA,2026-06-09,405.60752,437.2737,317.3476,748.5761,24.2303333333333,27.0976842105263,32.41,26.5453333333333,14.4792727272727,17.8076923076923,21.1128,17.1971428571429,74.7333333333333,65.1666666666667,55,38.9545454545455,13.6111111111111,13.75,NA,14.5679012345679,13.6111111111111,13.75,NA,14.5679012345679,9828,11849,10285,2026-06-09,19871,2.2,2.9,26.5,32.2,NA,NA,90.6363636363636,90.5625,90.3333333333333,78.3888888888889,93.1428571428571,85.695652173913,89.6666666666667,72.25,19.5,NA
NA,2026-06-09,695.8457,709.4474,534.416,754.795636363636,27.9857777777778,19.909,22.224,11.5393846153846,18.6883636363636,11.112,13.89,7.408,32.5,15.9565217391304,17,10.3571428571429,14.5061728395062,13.7134502923977,14.7222222222222,14.8055555555556,14.5061728395062,13.7134502923977,14.7222222222222,14.8055555555556,19474,14124,11877,2026-06-09,8710,4,4,13.1,18.1,NA,NA,79.3888888888889,78,74.25,71.2727272727273,71.6363636363636,64.7894736842105,62.8333333333333,56.1818181818182,18.4444444444444,NA
NA,2026-06-10,730.274295652174,696.1251,526.1356,544.2839,12.038,10.7004444444444,12.038,11.9351111111111,6.2968,4.63,4.63,6.6672,8.625,6.75,NA,NA,15,14.6717171717172,17,17.536231884058,15,14.6717171717172,17,17.536231884058,8791,7449,6334,2026-06-10,6496,NA,1.9,25.3,27.1,NA,NA,72.5714285714286,72.8181818181818,63.2,62.1818181818182,55.05,40.7619047619048,16.5,6.36363636363636,-224.25,NA
